,driverId,driverRef,number,code,forename,surname,dob,nationality,url,wins,points,laps,races
0,1,hamilton,44,HAM,Lewis,Hamilton,1985-01-07,British,http://en.wikipedia.org/wiki/Lewis_Hamilton,104,4713.5,19637,344
1,2,heidfeld,\N,HEI,Nick,Heidfeld,1977-05-10,German,http://en.wikipedia.org/wiki/Nick_Heidfeld,0,259.0,9699,184
2,3,rosberg,6,ROS,Nico,Rosberg,1985-06-27,German,http://en.wikipedia.org/wiki/Nico_Rosberg,23,1594.5,11159,206
3,4,alonso,14,ALO,Fernando,Alonso,1981-07-29,Spanish,http://en.wikipedia.org/wiki/Fernando_Alonso,32,2304.0,21173,392
4,5,kovalainen,\N,KOV,Heikki,Kovalainen,1981-10-19,Finnish,http://en.wikipedia.org/wiki/Heikki_Kovalainen,1,105.0,5975,112
5,6,nakajima,\N,NAK,Kazuki,Nakajima,1985-01-11,Japanese,http://en.wikipedia.org/wiki/Kazuki_Nakajima,0,9.0,1972,36
6,7,bourdais,\N,BOU,Sébastien,Bourdais,1979-02-28,French,http://en.wikipedia.org/wiki/S%C3%A9bastien_Bourdais,0,6.0,1279,27
7,8,raikkonen,7,RAI,Kimi,Räikkönen,1979-10-17,Finnish,http://en.wikipedia.org/wiki/Kimi_R%C3%A4ikk%C3%B6nen,21,1873.0,18618,352
8,9,kubica,88,KUB,Robert,Kubica,1984-12-07,Polish,http://en.wikipedia.org/wiki/Robert_Kubica,1,274.0,5505,99
9,10,glock,\N,GLO,Timo,Glock,1982-03-18,German,http://en.wikipedia.org/wiki/Timo_Glock,0,51.0,4756,95
10,11,sato,\N,SAT,Takuma,Sato,1977-01-28,Japanese,http://en.wikipedia.org/wiki/Takuma_Sato,0,44.0,4484,91
11,12,piquet_jr,\N,PIQ,Nelson,Piquet Jr.,1985-07-25,Brazilian,"http://en.wikipedia.org/wiki/Nelson_Piquet,_Jr.",0,19.0,1267,28
12,13,massa,19,MAS,Felipe,Massa,1981-04-25,Brazilian,http://en.wikipedia.org/wiki/Felipe_Massa,11,1167.0,14852,271
13,14,coulthard,\N,COU,David,Coulthard,1971-03-27,British,http://en.wikipedia.org/wiki/David_Coulthard,13,535.0,12394,247
14,15,trulli,\N,TRU,Jarno,Trulli,1974-07-13,Italian,http://en.wikipedia.org/wiki/Jarno_Trulli,1,246.5,12373,256
15,16,sutil,99,SUT,Adrian,Sutil,1983-01-11,German,http://en.wikipedia.org/wiki/Adrian_Sutil,0,124.0,6022,128
16,17,webber,\N,WEB,Mark,Webber,1976-08-27,Australian,http://en.wikipedia.org/wiki/Mark_Webber_(racing_driver),9,1047.5,10978,217
17,18,button,22,BUT,Jenson,Button,1980-01-19,British,http://en.wikipedia.org/wiki/Jenson_Button,15,1235.0,16274,309
18,19,davidson,\N,DAV,Anthony,Davidson,1979-04-18,British,http://en.wikipedia.org/wiki/Anthony_Davidson,0,0.0,1061,24
19,20,vettel,5,VET,Sebastian,Vettel,1987-07-03,German,http://en.wikipedia.org/wiki/Sebastian_Vettel,53,3098.0,16426,300
20,21,fisichella,\N,FIS,Giancarlo,Fisichella,1973-01-14,Italian,http://en.wikipedia.org/wiki/Giancarlo_Fisichella,3,275.0,11499,231
21,22,barrichello,\N,BAR,Rubens,Barrichello,1972-05-23,Brazilian,http://en.wikipedia.org/wiki/Rubens_Barrichello,11,658.0,16642,326
22,23,ralf_schumacher,\N,SCH,Ralf,Schumacher,1975-06-30,German,http://en.wikipedia.org/wiki/Ralf_Schumacher,6,329.0,9166,180
23,24,liuzzi,\N,LIU,Vitantonio,Liuzzi,1980-08-06,Italian,http://en.wikipedia.org/wiki/Vitantonio_Liuzzi,0,26.0,3801,81
24,25,wurz,\N,WUR,Alexander,Wurz,1974-02-15,Austrian,http://en.wikipedia.org/wiki/Alexander_Wurz,0,45.0,3471,69
25,26,speed,\N,SPE,Scott,Speed,1983-01-24,American,http://en.wikipedia.org/wiki/Scott_Speed,0,0.0,1285,28
26,27,albers,\N,ALB,Christijan,Albers,1979-04-16,Dutch,http://en.wikipedia.org/wiki/Christijan_Albers,0,4.0,2193,46
27,28,markus_winkelhock,\N,WIN,Markus,Winkelhock,1980-06-13,German,http://en.wikipedia.org/wiki/Markus_Winkelhock,0,0.0,13,1
28,29,yamamoto,\N,YAM,Sakon,Yamamoto,1982-07-09,Japanese,http://en.wikipedia.org/wiki/Sakon_Yamamoto,0,0.0,820,21
29,30,michael_schumacher,\N,MSC,Michael,Schumacher,1969-01-03,German,http://en.wikipedia.org/wiki/Michael_Schumacher,91,1566.0,16824,308
30,31,montoya,\N,MON,Juan,Pablo Montoya,1975-09-20,Colombian,http://en.wikipedia.org/wiki/Juan_Pablo_Montoya,7,307.0,4918,95
31,32,klien,\N,KLI,Christian,Klien,1983-02-07,Austrian,http://en.wikipedia.org/wiki/Christian_Klien,0,14.0,2331,51
32,33,monteiro,\N,TMO,Tiago,Monteiro,1976-07-24,Portuguese,http://en.wikipedia.org/wiki/Tiago_Monteiro,0,7.0,2009,37
33,34,ide,\N,IDE,Yuji,Ide,1975-01-21,Japanese,http://en.wikipedia.org/wiki/Yuji_Ide,0,0.0,145,4
34,35,villeneuve,\N,VIL,Jacques,Villeneuve,1971-04-09,Canadian,http://en.wikipedia.org/wiki/Jacques_Villeneuve,11,235.0,8314,165
35,36,montagny,\N,FMO,Franck,Montagny,1978-01-05,French,http://en.wikipedia.org/wiki/Franck_Montagny,0,0.0,240,7
36,37,rosa,\N,DLR,Pedro,de la Rosa,1971-02-24,Spanish,http://en.wikipedia.org/wiki/Pedro_de_la_Rosa,0,35.0,4519,107
37,38,doornbos,\N,DOO,Robert,Doornbos,1981-09-23,Dutch,http://en.wikipedia.org/wiki/Robert_Doornbos,0,0.0,553,11
38,39,karthikeyan,\N,KAR,Narain,Karthikeyan,1977-01-14,Indian,http://en.wikipedia.org/wiki/Narain_Karthikeyan,0,5.0,2244,48
39,40,friesacher,\N,FRI,Patrick,Friesacher,1980-09-26,Austrian,http://en.wikipedia.org/wiki/Patrick_Friesacher,0,3.0,414,11
40,41,zonta,\N,ZON,Ricardo,Zonta,1976-03-23,Brazilian,http://en.wikipedia.org/wiki/Ricardo_Zonta,0,3.0,1716,38
41,42,pizzonia,\N,PIZ,Antônio,Pizzonia,1980-09-11,Brazilian,http://en.wikipedia.org/wiki/Ant%C3%B4nio_Pizzonia,0,8.0,856,20
42,43,matta,\N,\N,Cristiano,da Matta,1973-09-19,Brazilian,http://en.wikipedia.org/wiki/Cristiano_da_Matta,0,13.0,1484,28
43,44,panis,\N,\N,Olivier,Panis,1966-09-02,French,http://en.wikipedia.org/wiki/Olivier_Panis,1,76.0,7717,158
44,45,pantano,\N,\N,Giorgio,Pantano,1979-02-04,Italian,http://en.wikipedia.org/wiki/Giorgio_Pantano,0,0.0,549,14
45,46,bruni,\N,\N,Gianmaria,Bruni,1981-05-30,Italian,http://en.wikipedia.org/wiki/Gianmaria_Bruni,0,0.0,737,18
46,47,baumgartner,\N,\N,Zsolt,Baumgartner,1981-01-01,Hungarian,http://en.wikipedia.org/wiki/Zsolt_Baumgartner,0,1.0,959,20
47,48,gene,\N,\N,Marc,Gené,1974-03-29,Spanish,http://en.wikipedia.org/wiki/Marc_Gen%C3%A9,0,5.0,1738,36
48,49,frentzen,\N,\N,Heinz-Harald,Frentzen,1967-05-18,German,http://en.wikipedia.org/wiki/Heinz-Harald_Frentzen,3,174.0,7341,159
49,50,verstappen,\N,\N,Jos,Verstappen,1972-03-04,Dutch,http://en.wikipedia.org/wiki/Jos_Verstappen,0,17.0,4498,107
50,51,wilson,\N,\N,Justin,Wilson,1978-07-31,British,http://en.wikipedia.org/wiki/Justin_Wilson_(racing_driver),0,1.0,671,16
51,52,firman,\N,\N,Ralph,Firman,1975-05-20,Irish,http://en.wikipedia.org/wiki/Ralph_Firman,0,1.0,640,14
52,53,kiesa,\N,\N,Nicolas,Kiesa,1978-03-03,Danish,http://en.wikipedia.org/wiki/Nicolas_Kiesa,0,0.0,298,5
53,54,burti,\N,\N,Luciano,Burti,1975-03-05,Brazilian,http://en.wikipedia.org/wiki/Luciano_Burti,0,0.0,668,15
54,55,alesi,\N,\N,Jean,Alesi,1964-06-11,French,http://en.wikipedia.org/wiki/Jean_Alesi,1,241.0,9656,202
55,56,irvine,\N,\N,Eddie,Irvine,1965-11-10,British,http://en.wikipedia.org/wiki/Eddie_Irvine,4,191.0,6846,147
56,57,hakkinen,\N,\N,Mika,Häkkinen,1968-09-28,Finnish,http://en.wikipedia.org/wiki/Mika_H%C3%A4kkinen,20,420.0,7719,165
57,58,marques,\N,\N,Tarso,Marques,1976-01-19,Brazilian,http://en.wikipedia.org/wiki/Tarso_Marques,0,0.0,931,26
58,59,bernoldi,\N,\N,Enrique,Bernoldi,1978-10-19,Brazilian,http://en.wikipedia.org/wiki/Enrique_Bernoldi,0,0.0,941,29
59,60,mazzacane,\N,\N,Gastón,Mazzacane,1975-05-08,Argentine,http://en.wikipedia.org/wiki/Gast%C3%B3n_Mazzacane,0,0.0,1047,21
60,61,enge,\N,\N,Tomáš,Enge,1976-09-11,Czech,http://en.wikipedia.org/wiki/Tom%C3%A1%C5%A1_Enge,0,0.0,166,3
61,62,yoong,\N,\N,Alex,Yoong,1976-07-20,Malaysian,http://en.wikipedia.org/wiki/Alex_Yoong,0,0.0,645,16
62,63,salo,\N,\N,Mika,Salo,1966-11-30,Finnish,http://en.wikipedia.org/wiki/Mika_Salo,0,33.0,5442,111
63,64,diniz,\N,\N,Pedro,Diniz,1970-05-22,Brazilian,http://en.wikipedia.org/wiki/Pedro_Diniz,0,10.0,3839,99
64,65,herbert,\N,\N,Johnny,Herbert,1964-06-25,British,http://en.wikipedia.org/wiki/Johnny_Herbert,3,98.0,7347,165
65,66,mcnish,\N,\N,Allan,McNish,1969-12-29,British,http://en.wikipedia.org/wiki/Allan_McNish,0,0.0,638,17
66,67,buemi,\N,BUE,Sébastien,Buemi,1988-10-31,Swiss,http://en.wikipedia.org/wiki/S%C3%A9bastien_Buemi,0,29.0,2612,55
67,68,takagi,\N,\N,Toranosuke,Takagi,1974-02-12,Japanese,http://en.wikipedia.org/wiki/Toranosuke_Takagi,0,0.0,1274,32
68,69,badoer,\N,BAD,Luca,Badoer,1971-01-25,Italian,http://en.wikipedia.org/wiki/Luca_Badoer,0,0.0,2364,58
69,70,zanardi,\N,\N,Alessandro,Zanardi,1966-10-23,Italian,http://en.wikipedia.org/wiki/Alex_Zanardi,0,1.0,1574,44
70,71,damon_hill,\N,\N,Damon,Hill,1960-09-17,British,http://en.wikipedia.org/wiki/Damon_Hill,22,360.0,5847,122
71,72,sarrazin,\N,\N,Stéphane,Sarrazin,1975-11-02,French,http://en.wikipedia.org/wiki/St%C3%A9phane_Sarrazin,0,0.0,31,1
72,73,rosset,\N,\N,Ricardo,Rosset,1968-07-27,Brazilian,http://en.wikipedia.org/wiki/Ricardo_Rosset,0,0.0,1076,30
73,74,tuero,\N,\N,Esteban,Tuero,1978-04-22,Argentine,http://en.wikipedia.org/wiki/Esteban_Tuero,0,0.0,613,16
74,75,nakano,\N,\N,Shinji,Nakano,1971-04-01,Japanese,http://en.wikipedia.org/wiki/Shinji_Nakano,0,2.0,1493,33
75,76,magnussen,\N,MAG,Jan,Magnussen,1973-07-04,Danish,http://en.wikipedia.org/wiki/Jan_Magnussen,0,1.0,925,25
76,77,berger,\N,\N,Gerhard,Berger,1959-08-27,Austrian,http://en.wikipedia.org/wiki/Gerhard_Berger,10,385.0,9793,210
77,78,larini,\N,\N,Nicola,Larini,1964-03-19,Italian,http://en.wikipedia.org/wiki/Nicola_Larini,0,7.0,2029,75
78,79,katayama,\N,\N,Ukyo,Katayama,1963-05-29,Japanese,http://en.wikipedia.org/wiki/Ukyo_Katayama,0,5.0,3508,97
79,80,sospiri,\N,\N,Vincenzo,Sospiri,1966-10-07,Italian,http://en.wikipedia.org/wiki/Vincenzo_Sospiri,0,0.0,0,1
80,81,morbidelli,\N,\N,Gianni,Morbidelli,1968-01-13,Italian,http://en.wikipedia.org/wiki/Gianni_Morbidelli,0,8.5,2856,70
81,82,fontana,\N,\N,Norberto,Fontana,1975-01-20,Argentine,http://en.wikipedia.org/wiki/Norberto_Fontana,0,0.0,210,4
82,83,lamy,\N,\N,Pedro,Lamy,1972-03-20,Portuguese,http://en.wikipedia.org/wiki/Pedro_Lamy,0,1.0,1423,32
83,84,brundle,\N,\N,Martin,Brundle,1959-06-01,British,http://en.wikipedia.org/wiki/Martin_Brundle,0,98.0,7522,165
84,85,montermini,\N,\N,Andrea,Montermini,1964-05-30,Italian,http://en.wikipedia.org/wiki/Andrea_Montermini,0,0.0,581,28
85,86,lavaggi,\N,\N,Giovanni,Lavaggi,1958-02-18,Italian,http://en.wikipedia.org/wiki/Giovanni_Lavaggi,0,0.0,204,10
86,87,blundell,\N,\N,Mark,Blundell,1966-04-08,British,http://en.wikipedia.org/wiki/Mark_Blundell,0,32.0,2777,63
87,88,suzuki,\N,\N,Aguri,Suzuki,1960-09-08,Japanese,http://en.wikipedia.org/wiki/Aguri_Suzuki,0,8.0,2463,88
88,89,inoue,\N,\N,Taki,Inoue,1963-09-05,Japanese,http://en.wikipedia.org/wiki/Taki_Inoue,0,0.0,544,18
89,90,moreno,\N,\N,Roberto,Moreno,1959-02-11,Brazilian,http://en.wikipedia.org/wiki/Roberto_Moreno,0,15.0,1746,74
90,91,wendlinger,\N,\N,Karl,Wendlinger,1968-12-20,Austrian,http://en.wikipedia.org/wiki/Karl_Wendlinger,0,14.0,1670,42
91,92,gachot,\N,\N,Bertrand,Gachot,1962-12-23,Belgian,http://en.wikipedia.org/wiki/Bertrand_Gachot,0,5.0,1793,84
92,93,schiattarella,\N,\N,Domenico,Schiattarella,1967-11-17,Italian,http://en.wikipedia.org/wiki/Domenico_Schiattarella,0,0.0,261,7
93,94,martini,\N,\N,Pierluigi,Martini,1961-04-23,Italian,http://en.wikipedia.org/wiki/Pierluigi_Martini,0,18.0,4869,123
94,95,mansell,\N,\N,Nigel,Mansell,1953-08-08,British,http://en.wikipedia.org/wiki/Nigel_Mansell,31,482.0,8750,192
95,96,boullion,\N,\N,Jean-Christophe,Boullion,1969-12-27,French,http://en.wikipedia.org/wiki/Jean-Christophe_Boullion,0,3.0,535,11
96,97,papis,\N,\N,Massimiliano,Papis,1969-10-03,Italian,http://en.wikipedia.org/wiki/Massimiliano_Papis,0,0.0,209,7
97,98,deletraz,\N,\N,Jean-Denis,Délétraz,1963-10-01,Swiss,http://en.wikipedia.org/wiki/Jean-Denis_Deletraz,0,0.0,130,3
98,99,tarquini,\N,\N,Gabriele,Tarquini,1962-03-02,Italian,http://en.wikipedia.org/wiki/Gabriele_Tarquini,0,1.0,1495,78
99,100,comas,\N,\N,Érik,Comas,1963-09-28,French,http://en.wikipedia.org/wiki/%C3%89rik_Comas,0,7.0,2805,63
100,101,brabham,\N,\N,David,Brabham,1965-09-05,Australian,http://en.wikipedia.org/wiki/David_Brabham,0,0.0,940,30
101,102,senna,\N,\N,Ayrton,Senna,1960-03-21,Brazilian,http://en.wikipedia.org/wiki/Ayrton_Senna,41,614.0,8236,162
102,103,bernard,\N,\N,Éric,Bernard,1964-08-24,French,http://en.wikipedia.org/wiki/%C3%89ric_Bernard,0,10.0,1969,47
103,104,fittipaldi,\N,\N,Christian,Fittipaldi,1971-01-18,Brazilian,http://en.wikipedia.org/wiki/Christian_Fittipaldi,0,12.0,2141,43
104,105,alboreto,\N,\N,Michele,Alboreto,1956-12-23,Italian,http://en.wikipedia.org/wiki/Michele_Alboreto,5,186.5,8773,215
105,106,beretta,\N,\N,Olivier,Beretta,1969-11-23,Monegasque,http://en.wikipedia.org/wiki/Olivier_Beretta,0,0.0,379,10
106,107,ratzenberger,\N,\N,Roland,Ratzenberger,1960-07-04,Austrian,http://en.wikipedia.org/wiki/Roland_Ratzenberger,0,0.0,78,3
107,108,belmondo,\N,\N,Paul,Belmondo,1963-04-23,French,http://en.wikipedia.org/wiki/Paul_Belmondo,0,0.0,355,27
108,109,lehto,\N,\N,Jyrki,Järvilehto,1966-01-31,Finnish,http://en.wikipedia.org/wiki/Jyrki_J%C3%A4rvilehto,0,10.0,2802,70
109,110,cesaris,\N,\N,Andrea,de Cesaris,1959-05-31,Italian,http://en.wikipedia.org/wiki/Andrea_de_Cesaris,0,59.0,7705,214
110,111,gounon,\N,\N,Jean-Marc,Gounon,1963-01-01,French,http://en.wikipedia.org/wiki/Jean-Marc_Gounon,0,0.0,362,9
111,112,alliot,\N,\N,Philippe,Alliot,1954-07-27,French,http://en.wikipedia.org/wiki/Philippe_Alliot,0,7.0,4249,115
112,113,adams,\N,\N,Philippe,Adams,1969-11-19,Belgian,http://en.wikipedia.org/wiki/Philippe_Adams,0,0.0,82,2
113,114,dalmas,\N,\N,Yannick,Dalmas,1961-07-28,French,http://en.wikipedia.org/wiki/Yannick_Dalmas,0,0.0,1157,50
114,115,noda,\N,\N,Hideki,Noda,1969-03-07,Japanese,http://en.wikipedia.org/wiki/Hideki_Noda,0,0.0,28,3
115,116,lagorce,\N,\N,Franck,Lagorce,1968-09-01,French,http://en.wikipedia.org/wiki/Franck_Lagorce,0,0.0,89,2
116,117,prost,\N,\N,Alain,Prost,1955-02-24,French,http://en.wikipedia.org/wiki/Alain_Prost,51,798.5,10540,202
117,118,warwick,\N,\N,Derek,Warwick,1954-08-27,British,http://en.wikipedia.org/wiki/Derek_Warwick,0,71.0,6376,162
118,119,patrese,\N,\N,Riccardo,Patrese,1954-04-17,Italian,http://en.wikipedia.org/wiki/Riccardo_Patrese,6,281.0,11345,257
119,120,barbazza,\N,\N,Fabrizio,Barbazza,1963-04-02,Italian,http://en.wikipedia.org/wiki/Fabrizio_Barbazza,0,2.0,315,20
120,121,andretti,\N,\N,Michael,Andretti,1962-10-05,American,http://en.wikipedia.org/wiki/Michael_Andretti,0,7.0,427,13
121,122,capelli,\N,\N,Ivan,Capelli,1963-05-24,Italian,http://en.wikipedia.org/wiki/Ivan_Capelli,0,31.0,3387,98
122,123,boutsen,\N,\N,Thierry,Boutsen,1957-07-13,Belgian,http://en.wikipedia.org/wiki/Thierry_Boutsen,3,132.0,8044,164
123,124,apicella,\N,\N,Marco,Apicella,1965-10-07,Italian,http://en.wikipedia.org/wiki/Marco_Apicella,0,0.0,0,1
124,125,naspetti,\N,\N,Emanuele,Naspetti,1968-02-24,Italian,http://en.wikipedia.org/wiki/Emanuele_Naspetti,0,0.0,242,6
125,126,toshio_suzuki,\N,\N,Toshio,Suzuki,1955-03-10,Japanese,http://en.wikipedia.org/wiki/Toshio_Suzuki_(driver),0,0.0,125,2
126,127,gugelmin,\N,\N,Maurício,Gugelmin,1963-04-20,Brazilian,http://en.wikipedia.org/wiki/Maur%C3%ADcio_Gugelmin,0,10.0,3040,80
127,128,poele,\N,\N,Eric,van de Poele,1961-09-30,Belgian,http://en.wikipedia.org/wiki/Eric_van_de_Poele,0,0.0,170,29
128,129,grouillard,\N,\N,Olivier,Grouillard,1958-09-02,French,http://en.wikipedia.org/wiki/Olivier_Grouillard,0,1.0,1493,62
129,130,chiesa,\N,\N,Andrea,Chiesa,1964-05-06,Swiss,http://en.wikipedia.org/wiki/Andrea_Chiesa,0,0.0,59,10
130,131,modena,\N,\N,Stefano,Modena,1963-05-12,Italian,http://en.wikipedia.org/wiki/Stefano_Modena,0,17.0,3019,81
131,132,amati,\N,\N,Giovanna,Amati,1959-07-20,Italian,http://en.wikipedia.org/wiki/Giovanna_Amati,0,0.0,0,3
132,133,caffi,\N,\N,Alex,Caffi,1964-03-18,Italian,http://en.wikipedia.org/wiki/Alex_Caffi,0,6.0,2313,75
133,134,bertaggia,\N,\N,Enrico,Bertaggia,1964-09-19,Italian,http://en.wikipedia.org/wiki/Enrico_Bertaggia,0,0.0,0,6
134,135,mccarthy,\N,\N,Perry,McCarthy,1961-03-03,British,http://en.wikipedia.org/wiki/Perry_McCarthy,0,0.0,0,7
135,136,lammers,\N,\N,Jan,Lammers,1956-06-02,Dutch,http://en.wikipedia.org/wiki/Jan_Lammers,0,0.0,1027,41
136,137,piquet,\N,\N,Nelson,Piquet,1952-08-17,Brazilian,http://en.wikipedia.org/wiki/Nelson_Piquet,23,485.5,9872,207
137,138,satoru_nakajima,\N,\N,Satoru,Nakajima,1953-02-23,Japanese,http://en.wikipedia.org/wiki/Satoru_Nakajima,0,16.0,3078,80
138,139,pirro,\N,\N,Emanuele,Pirro,1962-01-12,Italian,http://en.wikipedia.org/wiki/Emanuele_Pirro,0,3.0,1368,40
139,140,johansson,\N,\N,Stefan,Johansson,1956-09-08,Swedish,http://en.wikipedia.org/wiki/Stefan_Johansson,0,88.0,3460,103
140,141,bailey,\N,\N,Julian,Bailey,1961-10-09,British,http://en.wikipedia.org/wiki/Julian_Bailey,0,1.0,326,20
141,142,chaves,\N,\N,Pedro,Chaves,1965-02-27,Portuguese,http://en.wikipedia.org/wiki/Pedro_Chaves,0,0.0,0,13
142,143,bartels,\N,\N,Michael,Bartels,1968-03-08,German,http://en.wikipedia.org/wiki/Michael_Bartels,0,0.0,0,4
143,144,hattori,\N,\N,Naoki,Hattori,1966-06-13,Japanese,http://en.wikipedia.org/wiki/Naoki_Hattori,0,0.0,0,2
144,145,nannini,\N,\N,Alessandro,Nannini,1959-07-07,Italian,http://en.wikipedia.org/wiki/Alessandro_Nannini,1,65.0,2935,77
145,146,schneider,\N,\N,Bernd,Schneider,1964-07-20,German,http://en.wikipedia.org/wiki/Bernd_Schneider_(racecar_driver),0,0.0,301,32
146,147,barilla,\N,\N,Paolo,Barilla,1961-04-20,Italian,http://en.wikipedia.org/wiki/Paolo_Barilla,0,0.0,406,15
147,148,foitek,\N,\N,Gregor,Foitek,1965-03-27,Swiss,http://en.wikipedia.org/wiki/Gregor_Foitek,0,0.0,299,22
148,149,langes,\N,\N,Claudio,Langes,1960-07-20,Italian,http://en.wikipedia.org/wiki/Claudio_Langes,0,0.0,0,14
149,150,gary_brabham,\N,\N,Gary,Brabham,1961-03-29,Australian,http://en.wikipedia.org/wiki/Gary_Brabham,0,0.0,0,2
150,151,donnelly,\N,\N,Martin,Donnelly,1964-03-26,British,http://en.wikipedia.org/wiki/Martin_Donnelly_(racing_driver),0,0.0,586,15
151,152,giacomelli,\N,\N,Bruno,Giacomelli,1952-09-10,Italian,http://en.wikipedia.org/wiki/Bruno_Giacomelli,0,14.0,2695,82
152,153,alguersuari,\N,ALG,Jaime,Alguersuari,1990-03-23,Spanish,http://en.wikipedia.org/wiki/Jaime_Alguersuari,0,31.0,2380,46
153,154,grosjean,8,GRO,Romain,Grosjean,1986-04-17,French,http://en.wikipedia.org/wiki/Romain_Grosjean,0,391.0,8849,181
154,155,kobayashi,10,KOB,Kamui,Kobayashi,1986-09-13,Japanese,http://en.wikipedia.org/wiki/Kamui_Kobayashi,0,125.0,3557,76
155,156,palmer,\N,\N,Jonathan,Palmer,1956-11-07,British,http://en.wikipedia.org/wiki/Jonathan_Palmer,0,14.0,3649,88
156,157,danner,\N,\N,Christian,Danner,1958-04-04,German,http://en.wikipedia.org/wiki/Christian_Danner,0,4.0,1377,47
157,158,cheever,\N,\N,Eddie,Cheever,1958-01-10,American,http://en.wikipedia.org/wiki/Eddie_Cheever,0,70.0,5490,143
158,159,sala,\N,\N,Luis,Pérez-Sala,1959-05-15,Spanish,http://en.wikipedia.org/wiki/Luis_Perez-Sala,0,1.0,1179,32
159,160,ghinzani,\N,\N,Piercarlo,Ghinzani,1952-01-16,Italian,http://en.wikipedia.org/wiki/Piercarlo_Ghinzani,0,2.0,2224,111
160,161,weidler,\N,\N,Volker,Weidler,1962-03-18,German,http://en.wikipedia.org/wiki/Volker_Weidler,0,0.0,0,10
161,162,raphanel,\N,\N,Pierre-Henri,Raphanel,1961-05-27,French,http://en.wikipedia.org/wiki/Pierre-Henri_Raphanel,0,0.0,19,17
162,163,arnoux,\N,\N,René,Arnoux,1948-07-04,French,http://en.wikipedia.org/wiki/Ren%C3%A9_Arnoux,7,181.0,6611,164
163,164,joachim_winkelhock,\N,\N,Joachim,Winkelhock,1960-10-24,German,http://en.wikipedia.org/wiki/Joachim_Winkelhock,0,0.0,0,7
164,165,larrauri,\N,\N,Oscar,Larrauri,1954-08-19,Argentine,http://en.wikipedia.org/wiki/Oscar_Larrauri,0,0.0,229,21
165,166,streiff,\N,\N,Philippe,Streiff,1955-06-26,French,http://en.wikipedia.org/wiki/Philippe_Streiff,0,11.0,2364,54
166,167,campos,\N,\N,Adrián,Campos,1960-06-17,Spanish,http://en.wikipedia.org/wiki/Adri%C3%A1n_Campos,0,0.0,433,21
167,168,schlesser,\N,\N,Jean-Louis,Schlesser,1948-09-12,French,http://en.wikipedia.org/wiki/Jean-Louis_Schlesser,0,0.0,49,2
168,169,fabre,\N,\N,Pascal,Fabre,1960-01-09,French,http://en.wikipedia.org/wiki/Pascal_Fabre,0,0.0,544,12
169,170,fabi,\N,\N,Teo,Fabi,1955-03-09,Italian,http://en.wikipedia.org/wiki/Teo_Fabi,0,23.0,2194,71
170,171,forini,\N,\N,Franco,Forini,1958-09-22,Swiss,http://en.wikipedia.org/wiki/Franco_Forini,0,0.0,59,2
171,172,laffite,\N,\N,Jacques,Laffite,1943-11-21,French,http://en.wikipedia.org/wiki/Jacques_Laffite,6,228.0,7996,180
172,173,angelis,\N,\N,Elio,de Angelis,1958-03-26,Italian,http://en.wikipedia.org/wiki/Elio_de_Angelis,2,122.0,4752,110
173,174,dumfries,\N,\N,Johnny,Dumfries,1958-04-26,British,http://en.wikipedia.org/wiki/Johnny_Dumfries,0,3.0,661,16
174,175,tambay,\N,\N,Patrick,Tambay,1949-06-25,French,http://en.wikipedia.org/wiki/Patrick_Tambay,2,103.0,4980,122
175,176,surer,\N,\N,Marc,Surer,1951-09-18,Swiss,http://en.wikipedia.org/wiki/Marc_Surer,0,17.0,3968,88
176,177,keke_rosberg,\N,\N,Keke,Rosberg,1948-12-06,Finnish,http://en.wikipedia.org/wiki/Keke_Rosberg,5,159.5,5306,128
177,178,jones,\N,\N,Alan,Jones,1946-11-02,Australian,http://en.wikipedia.org/wiki/Alan_Jones_(Formula_1),12,206.0,5555,117
178,179,rothengatter,\N,\N,Huub,Rothengatter,1954-10-08,Dutch,http://en.wikipedia.org/wiki/Huub_Rothengatter,0,0.0,853,28
179,180,berg,\N,\N,Allen,Berg,1961-08-01,Canadian,http://en.wikipedia.org/wiki/Allen_Berg,0,0.0,285,9
180,181,manfred_winkelhock,\N,\N,Manfred,Winkelhock,1951-10-06,German,http://en.wikipedia.org/wiki/Manfred_Winkelhock,0,2.0,1633,55
181,182,lauda,\N,\N,Niki,Lauda,1949-02-22,Austrian,http://en.wikipedia.org/wiki/Niki_Lauda,25,420.5,8217,174
182,183,hesnault,\N,\N,François,Hesnault,1956-12-30,French,http://en.wikipedia.org/wiki/Fran%C3%A7ois_Hesnault,0,0.0,464,20
183,184,baldi,\N,\N,Mauro,Baldi,1954-01-31,Italian,http://en.wikipedia.org/wiki/Mauro_Baldi,0,5.0,1489,41
184,185,bellof,\N,\N,Stefan,Bellof,1957-11-20,German,http://en.wikipedia.org/wiki/Stefan_Bellof,0,4.0,936,22
185,186,acheson,\N,\N,Kenny,Acheson,1957-11-27,British,http://en.wikipedia.org/wiki/Kenny_Acheson,0,0.0,101,9
186,187,watson,\N,\N,John,Watson,1946-05-04,British,http://en.wikipedia.org/wiki/John_Watson_(racing_driver),5,169.0,7388,154
187,188,cecotto,\N,\N,Johnny,Cecotto,1956-01-25,Venezuelan,http://en.wikipedia.org/wiki/Johnny_Cecotto,0,1.0,617,23
188,189,gartner,\N,\N,Jo,Gartner,1954-01-24,Austrian,http://en.wikipedia.org/wiki/Jo_Gartner,0,0.0,305,8
189,190,corrado_fabi,\N,\N,Corrado,Fabi,1961-04-12,Italian,http://en.wikipedia.org/wiki/Corrado_Fabi,0,0.0,421,18
190,191,thackwell,\N,\N,Mike,Thackwell,1961-03-30,New Zealander,http://en.wikipedia.org/wiki/Mike_Thackwell,0,0.0,29,5
191,192,serra,\N,\N,Chico,Serra,1957-02-03,Brazilian,http://en.wikipedia.org/wiki/Chico_Serra,0,1.0,831,32
192,193,sullivan,\N,\N,Danny,Sullivan,1950-03-09,American,http://en.wikipedia.org/wiki/Danny_Sullivan,0,2.0,678,15
193,194,salazar,\N,\N,Eliseo,Salazar,1954-11-14,Chilean,http://en.wikipedia.org/wiki/Eliseo_Salazar,0,3.0,882,37
194,195,guerrero,\N,\N,Roberto,Guerrero,1958-11-16,Colombian,http://en.wikipedia.org/wiki/Roberto_Guerrero,0,0.0,613,29
195,196,boesel,\N,\N,Raul,Boesel,1957-12-04,Brazilian,http://en.wikipedia.org/wiki/Raul_Boesel,0,0.0,1028,30
196,197,jarier,\N,\N,Jean-Pierre,Jarier,1946-07-10,French,http://en.wikipedia.org/wiki/Jean-Pierre_Jarier,0,31.5,5746,143
197,198,villeneuve_sr,\N,\N,Jacques,Villeneuve Sr.,1953-11-04,Canadian,http://en.wikipedia.org/wiki/Jacques_Villeneuve_(elder),0,0.0,0,3
198,199,reutemann,\N,\N,Carlos,Reutemann,1942-04-12,Argentine,http://en.wikipedia.org/wiki/Carlos_Reutemann,12,310.0,6986,146
199,200,mass,\N,\N,Jochen,Mass,1946-09-30,German,http://en.wikipedia.org/wiki/Jochen_Mass,1,71.0,4924,114
200,201,borgudd,\N,\N,Slim,Borgudd,1946-11-25,Swedish,http://en.wikipedia.org/wiki/Slim_Borgudd,0,1.0,522,15
201,202,pironi,\N,\N,Didier,Pironi,1952-03-26,French,http://en.wikipedia.org/wiki/Didier_Pironi,3,101.0,3423,72
202,203,gilles_villeneuve,\N,\N,Gilles,Villeneuve,1950-01-18,Canadian,http://en.wikipedia.org/wiki/Gilles_Villeneuve,6,107.0,3282,68
203,204,paletti,\N,\N,Riccardo,Paletti,1958-06-15,Italian,http://en.wikipedia.org/wiki/Riccardo_Paletti,0,0.0,7,8
204,205,henton,\N,\N,Brian,Henton,1946-09-19,British,http://en.wikipedia.org/wiki/Brian_Henton,0,0.0,913,37
205,206,daly,\N,\N,Derek,Daly,1953-03-11,Irish,http://en.wikipedia.org/wiki/Derek_Daly,0,15.0,2231,64
206,207,mario_andretti,\N,\N,Mario,Andretti,1940-02-28,American,http://en.wikipedia.org/wiki/Mario_Andretti,12,180.0,5278,129
207,208,villota,\N,\N,Emilio,de Villota,1946-07-26,Spanish,http://en.wikipedia.org/wiki/Emilio_de_Villota,0,0.0,120,14
208,209,lees,\N,\N,Geoff,Lees,1951-05-01,British,http://en.wikipedia.org/wiki/Geoff_Lees,0,0.0,187,12
209,210,byrne,\N,\N,Tommy,Byrne,1958-05-06,Irish,http://en.wikipedia.org/wiki/Tommy_Byrne_%28racing_driver%29,0,0.0,67,5
210,211,keegan,\N,\N,Rupert,Keegan,1955-02-26,British,http://en.wikipedia.org/wiki/Rupert_Keegan,0,0.0,1028,37
211,212,rebaque,\N,\N,Hector,Rebaque,1956-02-05,Mexican,http://en.wikipedia.org/wiki/Hector_Rebaque,0,13.0,1724,58
212,213,gabbiani,\N,\N,Beppe,Gabbiani,1957-01-02,Italian,http://en.wikipedia.org/wiki/Beppe_Gabbiani,0,0.0,79,17
213,214,cogan,\N,\N,Kevin,Cogan,1956-03-31,American,http://en.wikipedia.org/wiki/Kevin_Cogan,0,0.0,0,2
214,215,guerra,\N,\N,Miguel Ángel,Guerra,1953-08-31,Argentine,http://en.wikipedia.org/wiki/Miguel_Angel_Guerra,0,0.0,0,4
215,216,stohr,\N,\N,Siegfried,Stohr,1952-10-10,Italian,http://en.wikipedia.org/wiki/Siegfried_Stohr,0,0.0,277,13
216,217,zunino,\N,\N,Ricardo,Zunino,1949-04-13,Argentine,http://en.wikipedia.org/wiki/Ricardo_Zunino,0,0.0,373,11
217,218,londono,\N,\N,Ricardo,Londoño,1949-08-08,Colombian,http://en.wikipedia.org/wiki/Ricardo_Londo%C3%B1o,0,0.0,0,1
218,219,jabouille,\N,\N,Jean-Pierre,Jabouille,1942-10-01,French,http://en.wikipedia.org/wiki/Jean-Pierre_Jabouille,2,21.0,1666,55
219,220,francia,\N,\N,Giorgio,Francia,1947-11-08,Italian,http://en.wikipedia.org/wiki/Giorgio_Francia,0,0.0,0,2
220,221,depailler,\N,\N,Patrick,Depailler,1944-08-09,French,http://en.wikipedia.org/wiki/Patrick_Depailler,2,141.0,4635,95
221,222,scheckter,\N,\N,Jody,Scheckter,1950-01-29,South African,http://en.wikipedia.org/wiki/Jody_Scheckter,10,255.0,6035,113
222,223,regazzoni,\N,\N,Clay,Regazzoni,1939-09-05,Swiss,http://en.wikipedia.org/wiki/Clay_Regazzoni,5,212.0,6553,138
223,224,emerson_fittipaldi,\N,\N,Emerson,Fittipaldi,1946-12-12,Brazilian,http://en.wikipedia.org/wiki/Emerson_Fittipaldi,14,281.0,7291,149
224,225,kennedy,\N,\N,Dave,Kennedy,1953-01-15,Irish,http://en.wikipedia.org/wiki/David_Kennedy_(racing_driver),0,0.0,0,7
225,226,south,\N,\N,Stephen,South,1952-02-19,British,http://en.wikipedia.org/wiki/Stephen_South,0,0.0,0,1
226,227,needell,\N,\N,Tiff,Needell,1951-10-29,British,http://en.wikipedia.org/wiki/Tiff_Needell,0,0.0,12,2
227,228,desire_wilson,\N,\N,Desiré,Wilson,1953-11-26,South African,http://en.wikipedia.org/wiki/Desir%C3%A9_Wilson,0,0.0,0,1
228,229,ertl,\N,\N,Harald,Ertl,1948-08-31,Austrian,http://en.wikipedia.org/wiki/Harald_Ertl,0,0.0,815,29
229,230,brambilla,\N,\N,Vittorio,Brambilla,1937-11-11,Italian,http://en.wikipedia.org/wiki/Vittorio_Brambilla,1,15.5,3019,78
230,231,hunt,\N,\N,James,Hunt,1947-08-29,British,http://en.wikipedia.org/wiki/James_Hunt,10,179.0,3924,93
231,232,merzario,\N,\N,Arturo,Merzario,1943-03-11,Italian,http://en.wikipedia.org/wiki/Arturo_Merzario,0,11.0,1965,84
232,233,stuck,\N,\N,Hans-Joachim,Stuck,1951-01-01,German,http://en.wikipedia.org/wiki/Hans_Joachim_Stuck,0,29.0,2761,81
233,234,brancatelli,\N,\N,Gianfranco,Brancatelli,1950-01-18,Italian,http://en.wikipedia.org/wiki/Gianfranco_Brancatelli,0,0.0,0,3
234,235,ickx,\N,\N,Jacky,Ickx,1945-01-01,Belgian,http://en.wikipedia.org/wiki/Jacky_Ickx,8,181.0,5663,121
235,236,gaillard,\N,\N,Patrick,Gaillard,1952-02-12,French,http://en.wikipedia.org/wiki/Patrick_Gaillard,0,0.0,107,5
236,237,ribeiro,\N,\N,Alex,Ribeiro,1948-11-07,Brazilian,http://en.wikipedia.org/wiki/Alex_Ribeiro,0,0.0,514,20
237,238,peterson,\N,\N,Ronnie,Peterson,1944-02-14,Swedish,http://en.wikipedia.org/wiki/Ronnie_Peterson,10,206.0,5725,123
238,239,lunger,\N,\N,Brett,Lunger,1945-11-14,American,http://en.wikipedia.org/wiki/Brett_Lunger,0,0.0,1713,42
239,240,ongais,\N,\N,Danny,Ongais,1942-05-21,American,http://en.wikipedia.org/wiki/Danny_Ongais,0,0.0,132,6
240,241,leoni,\N,\N,Lamberto,Leoni,1953-05-24,Italian,http://en.wikipedia.org/wiki/Lamberto_Leoni,0,0.0,28,5
241,242,galica,\N,\N,Divina,Galica,1944-08-13,British,http://en.wikipedia.org/wiki/Divina_Galica,0,0.0,0,3
242,243,stommelen,\N,\N,Rolf,Stommelen,1943-07-11,German,http://en.wikipedia.org/wiki/Rolf_Stommelen,0,14.0,2452,61
243,244,colombo,\N,\N,Alberto,Colombo,1946-02-23,Italian,http://en.wikipedia.org/wiki/Alberto_Colombo,0,0.0,0,3
244,245,trimmer,\N,\N,Tony,Trimmer,1943-01-24,British,http://en.wikipedia.org/wiki/Tony_Trimmer,0,0.0,0,6
245,246,binder,\N,\N,Hans,Binder,1948-06-12,Austrian,http://en.wikipedia.org/wiki/Hans_Binder,0,0.0,629,15
246,247,bleekemolen,\N,\N,Michael,Bleekemolen,1949-10-02,Dutch,http://en.wikipedia.org/wiki/Michael_Bleekemolen,0,0.0,43,5
247,248,gimax,\N,\N,Carlo,Franchi,1938-01-01,Italian,http://en.wikipedia.org/wiki/Gimax,0,0.0,0,1
248,249,rahal,\N,\N,Bobby,Rahal,1953-01-10,American,http://en.wikipedia.org/wiki/Bobby_Rahal,0,0.0,74,2
249,250,pace,\N,\N,Carlos,Pace,1944-10-06,Brazilian,http://en.wikipedia.org/wiki/Carlos_Pace,1,58.0,3242,73
250,251,ian_scheckter,\N,\N,Ian,Scheckter,1947-08-22,South African,http://en.wikipedia.org/wiki/Ian_Scheckter,0,0.0,676,20
251,252,pryce,\N,\N,Tom,Pryce,1949-06-11,British,http://en.wikipedia.org/wiki/Tom_Pryce,0,19.0,1919,42
252,253,hoffmann,\N,\N,Ingo,Hoffmann,1953-02-28,Brazilian,http://en.wikipedia.org/wiki/Ingo_Hoffmann,0,0.0,99,6
253,254,zorzi,\N,\N,Renzo,Zorzi,1946-12-12,Italian,http://en.wikipedia.org/wiki/Renzo_Zorzi,0,1.0,199,7
254,255,nilsson,\N,\N,Gunnar,Nilsson,1948-11-20,Swedish,http://en.wikipedia.org/wiki/Gunnar_Nilsson,1,31.0,1316,32
255,256,perkins,\N,\N,Larry,Perkins,1950-03-18,Australian,http://en.wikipedia.org/wiki/Larry_Perkins,0,0.0,461,15
256,257,hayje,\N,\N,Boy,Lunger,1949-05-03,Dutch,http://en.wikipedia.org/wiki/Boy_Hayje,0,0.0,159,7
257,258,neve,\N,\N,Patrick,Nève,1949-10-13,Belgian,http://en.wikipedia.org/wiki/Patrick_Neve,0,0.0,567,13
258,259,purley,\N,\N,David,Purley,1945-01-26,British,http://en.wikipedia.org/wiki/David_Purley,0,0.0,248,11
259,260,andersson,\N,\N,Conny,Andersson,1939-12-28,Swedish,http://en.wikipedia.org/wiki/Conny_Andersson_(racing_driver),0,0.0,9,5
260,261,dryver,\N,\N,Bernard,de Dryver,1952-09-19,Belgian,http://en.wikipedia.org/wiki/Bernard_de_Dryver,0,0.0,0,1
261,262,oliver,\N,\N,Jackie,Oliver,1942-08-14,British,http://en.wikipedia.org/wiki/Jackie_Oliver,0,13.0,1547,51
262,263,kozarowitzky,\N,\N,Mikko,Kozarowitzky,1948-05-17,Finnish,http://en.wikipedia.org/wiki/Mikko_Kozarowitzky,0,0.0,0,2
263,264,sutcliffe,\N,\N,Andy,Sutcliffe,1947-05-09,British,http://en.wikipedia.org/wiki/Andy_Sutcliffe,0,0.0,0,1
264,265,edwards,\N,\N,Guy,Edwards,1942-12-30,British,http://en.wikipedia.org/wiki/Guy_Edwards,0,0.0,543,16
265,266,mcguire,\N,\N,Brian,McGuire,1945-12-13,Australian,http://en.wikipedia.org/wiki/Brian_McGuire,0,0.0,0,1
266,267,schuppan,\N,\N,Vern,Schuppan,1943-03-19,Australian,http://en.wikipedia.org/wiki/Vern_Schuppan,0,0.0,447,12
267,268,heyer,\N,\N,Hans,Heyer,1943-03-16,German,http://en.wikipedia.org/wiki/Hans_Heyer,0,0.0,9,1
268,269,pilette,\N,\N,Teddy,Pilette,1942-07-26,Belgian,http://en.wikipedia.org/wiki/Teddy_Pilette,0,0.0,81,4
269,270,ashley,\N,\N,Ian,Ashley,1947-10-26,British,http://en.wikipedia.org/wiki/Ian_Ashley,0,0.0,116,11
270,271,kessel,\N,\N,Loris,Kessel,1950-04-01,Swiss,http://en.wikipedia.org/wiki/Loris_Kessel,0,0.0,112,6
271,272,takahashi,\N,\N,Kunimitsu,Takahashi,1940-01-29,Japanese,http://en.wikipedia.org/wiki/Kunimitsu_Takahashi,0,0.0,71,1
272,273,hoshino,\N,\N,Kazuyoshi,Hoshino,1947-07-01,Japanese,http://en.wikipedia.org/wiki/Kazuyoshi_Hoshino,0,0.0,98,2
273,274,takahara,\N,\N,Noritake,Takahara,1951-06-06,Japanese,http://en.wikipedia.org/wiki/Noritake_Takahara,0,0.0,71,2
274,275,lombardi,\N,\N,Lella,Lombardi,1941-03-26,Italian,http://en.wikipedia.org/wiki/Lella_Lombardi,0,0.5,363,17
275,276,evans,\N,\N,Bob,Evans,1947-06-11,British,http://en.wikipedia.org/wiki/Bob_Evans_(race_driver),0,0.0,407,12
276,277,leclere,\N,\N,Michel,Leclère,1946-03-18,French,http://en.wikipedia.org/wiki/Michel_Lecl%C3%A8re,0,0.0,371,8
277,278,amon,\N,\N,Chris,Amon,1943-07-20,New Zealander,http://en.wikipedia.org/wiki/Chris_Amon,0,83.0,4565,106
278,279,zapico,\N,\N,Emilio,Zapico,1944-05-27,Spanish,http://en.wikipedia.org/wiki/Emilio_Zapico,0,0.0,0,1
279,280,pescarolo,\N,\N,Henri,Pescarolo,1942-09-25,French,http://en.wikipedia.org/wiki/Henri_Pescarolo,0,12.0,2730,59
280,281,nelleman,\N,\N,Jac,Nelleman,1944-04-19,Danish,http://en.wikipedia.org/wiki/Jac_Nelleman,0,0.0,0,1
281,282,magee,\N,\N,Damien,Magee,1945-11-17,British,http://en.wikipedia.org/wiki/Damien_Magee,0,0.0,78,2
282,283,wilds,\N,\N,Mike,Wilds,1946-01-07,British,http://en.wikipedia.org/wiki/Mike_Wilds,0,0.0,96,8
283,284,pesenti_rossi,\N,\N,Alessandro,Pesenti-Rossi,1942-08-31,Italian,http://en.wikipedia.org/wiki/Alessandro_Pesenti-Rossi,0,0.0,113,4
284,285,stuppacher,\N,\N,Otto,Stuppacher,1947-03-03,Austrian,http://en.wikipedia.org/wiki/Otto_Stuppacher,0,0.0,0,3
285,286,brown,\N,\N,Warwick,Brown,1949-12-24,Australian,http://en.wikipedia.org/wiki/Warwick_Brown,0,0.0,54,1
286,287,hasemi,\N,\N,Masahiro,Hasemi,1945-11-13,Japanese,http://en.wikipedia.org/wiki/Masahiro_Hasemi,0,0.0,66,1
287,288,donohue,\N,\N,Mark,Donohue,1937-03-18,American,http://en.wikipedia.org/wiki/Mark_Donohue,0,8.0,672,15
288,289,hill,\N,\N,Graham,Hill,1929-02-15,British,http://en.wikipedia.org/wiki/Graham_Hill,14,289.0,8791,179
289,290,wilson_fittipaldi,\N,\N,Wilson,Fittipaldi,1943-12-25,Brazilian,http://en.wikipedia.org/wiki/Wilson_Fittipaldi,0,3.0,1439,38
290,291,tunmer,\N,\N,Guy,Tunmer,1948-12-01,South African,http://en.wikipedia.org/wiki/Guy_Tunmer,0,0.0,76,1
291,292,keizan,\N,\N,Eddie,Keizan,1944-09-12,South African,http://en.wikipedia.org/wiki/Eddie_Keizan,0,0.0,219,3
292,293,charlton,\N,\N,Dave,Charlton,1936-10-27,South African,http://en.wikipedia.org/wiki/Dave_Charlton,0,0.0,348,13
293,294,brise,\N,\N,Tony,Brise,1952-03-28,British,http://en.wikipedia.org/wiki/Tony_Brise,0,1.0,347,10
294,295,wunderink,\N,\N,Roelof,Wunderink,1948-12-12,Dutch,http://en.wikipedia.org/wiki/Roelof_Wunderink,0,0.0,86,6
295,296,migault,\N,\N,François,Migault,1944-12-04,French,http://en.wikipedia.org/wiki/Fran%C3%A7ois_Migault,0,0.0,547,15
296,297,palm,\N,\N,Torsten,Palm,1947-07-23,Swedish,http://en.wikipedia.org/wiki/Torsten_Palm,0,0.0,78,2
297,298,lennep,\N,\N,Gijs,van Lennep,1942-03-16,Dutch,http://en.wikipedia.org/wiki/Gijs_Van_Lennep,0,2.0,421,9
298,299,fushida,\N,\N,Hiroshi,Fushida,1946-03-10,Japanese,http://en.wikipedia.org/wiki/Hiroshi_Fushida,0,0.0,0,2
299,300,nicholson,\N,\N,John,Nicholson,1941-10-06,New Zealander,http://en.wikipedia.org/wiki/John_Nicholson_(racing_driver),0,0.0,51,2
300,301,morgan,\N,\N,Dave,Morgan,1944-08-07,British,http://en.wikipedia.org/wiki/Dave_Morgan_(racing_driver),0,0.0,50,1
301,302,crawford,\N,\N,Jim,Crawford,1948-02-13,British,http://en.wikipedia.org/wiki/Jim_Crawford_(driver),0,0.0,74,2
302,303,vonlanthen,\N,\N,Jo,Vonlanthen,1942-05-31,Swiss,http://en.wikipedia.org/wiki/Jo_Vonlanthen,0,0.0,14,1
303,304,hulme,\N,\N,Denny,Hulme,1936-06-18,New Zealander,http://en.wikipedia.org/wiki/Denny_Hulme,8,248.0,6237,112
304,305,hailwood,\N,\N,Mike,Hailwood,1940-04-02,British,http://en.wikipedia.org/wiki/Mike_Hailwood,0,29.0,2182,51
305,306,beltoise,\N,\N,Jean-Pierre,Beltoise,1937-04-26,French,http://en.wikipedia.org/wiki/Jean-Pierre_Beltoise,1,77.0,4069,87
306,307,ganley,\N,\N,Howden,Ganley,1941-12-24,New Zealander,http://en.wikipedia.org/wiki/Howden_Ganley,0,10.0,1850,39
307,308,robarts,\N,\N,Richard,Robarts,1944-09-22,British,http://en.wikipedia.org/wiki/Richard_Robarts,0,0.0,140,4
308,309,revson,\N,\N,Peter,Revson,1939-02-27,American,http://en.wikipedia.org/wiki/Peter_Revson,2,61.0,1567,31
309,310,driver,\N,\N,Paddy,Driver,1934-05-13,South African,http://en.wikipedia.org/wiki/Paddy_Driver,0,0.0,6,2
310,311,belso,\N,\N,Tom,Belsø,1942-08-27,Danish,http://en.wikipedia.org/wiki/Tom_Bels%C3%B8,0,0.0,79,4
311,312,redman,\N,\N,Brian,Redman,1937-03-09,British,http://en.wikipedia.org/wiki/Brian_Redman,0,8.0,506,13
312,313,opel,\N,\N,Rikky,von Opel,1947-10-14,Liechtensteiner,http://en.wikipedia.org/wiki/Rikky_von_Opel,0,0.0,439,13
313,314,schenken,\N,\N,Tim,Schenken,1943-09-26,Australian,http://en.wikipedia.org/wiki/Tim_Schenken,0,7.0,1426,36
314,315,larrousse,\N,\N,Gérard,Larrousse,1940-05-23,French,http://en.wikipedia.org/wiki/G%C3%A9rard_Larrousse,0,0.0,53,2
315,316,kinnunen,\N,\N,Leo,Kinnunen,1943-08-05,Finnish,http://en.wikipedia.org/wiki/Leo_Kinnunen,0,0.0,8,6
316,317,wisell,\N,\N,Reine,Wisell,1941-09-30,Swedish,http://en.wikipedia.org/wiki/Reine_Wisell,0,13.0,964,23
317,318,roos,\N,\N,Bertil,Roos,1943-10-12,Swedish,http://en.wikipedia.org/wiki/Bertil_Roos,0,0.0,2,1
318,319,dolhem,\N,\N,José,Dolhem,1944-04-26,French,http://en.wikipedia.org/wiki/Jos%C3%A9_Dolhem,0,0.0,25,3
319,320,gethin,\N,\N,Peter,Gethin,1940-02-21,British,http://en.wikipedia.org/wiki/Peter_Gethin,1,11.0,1226,30
320,321,bell,\N,\N,Derek,Bell,1941-10-31,British,http://en.wikipedia.org/wiki/Derek_Bell_(auto_racer),0,1.0,180,14
321,322,hobbs,\N,\N,David,Hobbs,1939-06-09,British,http://en.wikipedia.org/wiki/David_Hobbs_(racing_driver),0,0.0,379,7
322,323,quester,\N,\N,Dieter,Quester,1939-05-30,Austrian,http://en.wikipedia.org/wiki/Dieter_Quester,0,0.0,51,1
323,324,koinigg,\N,\N,Helmuth,Koinigg,1948-11-03,Austrian,http://en.wikipedia.org/wiki/Helmuth_Koinigg,0,0.0,87,3
324,325,facetti,\N,\N,Carlo,Facetti,1935-06-26,Italian,http://en.wikipedia.org/wiki/Carlo_Facetti,0,0.0,0,1
325,326,wietzes,\N,\N,Eppie,Wietzes,1938-05-28,Canadian,http://en.wikipedia.org/wiki/Eppie_Wietzes,0,0.0,102,2
326,327,cevert,\N,\N,François,Cevert,1944-02-25,French,http://en.wikipedia.org/wiki/Fran%C3%A7ois_Cevert,1,89.0,2370,47
327,328,stewart,\N,\N,Jackie,Stewart,1939-06-11,British,http://en.wikipedia.org/wiki/Jackie_Stewart,27,360.0,5225,100
328,329,beuttler,\N,\N,Mike,Beuttler,1940-04-13,British,http://en.wikipedia.org/wiki/Mike_Beuttler,0,0.0,1168,29
329,330,galli,\N,\N,Nanni,Galli,1940-10-02,Italian,http://en.wikipedia.org/wiki/Nanni_Galli,0,0.0,499,17
330,331,bueno,\N,\N,Luiz,Bueno,1937-01-16,Brazilian,http://en.wikipedia.org/wiki/Luiz_Bueno,0,0.0,36,1
331,332,follmer,\N,\N,George,Follmer,1934-01-27,American,http://en.wikipedia.org/wiki/George_Follmer,0,5.0,534,12
332,333,adamich,\N,\N,Andrea,de Adamich,1941-10-03,Italian,http://en.wikipedia.org/wiki/Andrea_de_Adamich,0,6.0,1240,36
333,334,pretorius,\N,\N,Jackie,Pretorius,1934-11-22,South African,http://en.wikipedia.org/wiki/Jackie_Pretorius,0,0.0,128,4
334,335,williamson,\N,\N,Roger,Williamson,1948-02-02,British,http://en.wikipedia.org/wiki/Roger_Williamson,0,0.0,7,2
335,336,mcrae,\N,\N,Graham,McRae,1940-03-05,New Zealander,http://en.wikipedia.org/wiki/Graham_McRae,0,0.0,0,1
336,337,marko,\N,\N,Helmut,Marko,1943-04-27,Austrian,http://en.wikipedia.org/wiki/Helmut_Marko,0,0.0,509,9
337,338,walker,\N,\N,David,Walker,1941-06-10,Australian,http://en.wikipedia.org/wiki/David_Walker_(racing_driver),0,0.0,481,11
338,339,roig,\N,\N,Alex,Soler-Roig,1932-10-29,Spanish,http://en.wikipedia.org/wiki/Alex_Soler-Roig,0,0.0,119,9
339,340,love,\N,\N,John,Love,1924-12-07,Rhodesian,http://en.wikipedia.org/wiki/John_Love_(racing_driver),0,6.0,545,10
340,341,surtees,\N,\N,John,Surtees,1934-02-11,British,http://en.wikipedia.org/wiki/John_Surtees,6,180.0,4992,112
341,342,barber,\N,\N,Skip,Barber,1936-11-16,American,http://en.wikipedia.org/wiki/Skip_Barber,0,0.0,206,6
342,343,brack,\N,\N,Bill,Brack,1935-12-26,Canadian,http://en.wikipedia.org/wiki/Bill_Brack,0,0.0,118,3
343,344,posey,\N,\N,Sam,Posey,1944-05-26,American,http://en.wikipedia.org/wiki/Sam_Posey,0,0.0,72,2
344,345,rodriguez,\N,\N,Pedro,Rodríguez,1940-01-18,Mexican,http://en.wikipedia.org/wiki/Pedro_Rodr%C3%ADguez_(racing_driver),2,71.0,2812,54
345,346,siffert,\N,\N,Jo,Siffert,1936-07-07,Swiss,http://en.wikipedia.org/wiki/Jo_Siffert,2,68.0,4505,100
346,347,bonnier,\N,\N,Jo,Bonnier,1930-01-31,Swedish,http://en.wikipedia.org/wiki/Joakim_Bonnier,1,39.0,4764,109
347,348,mazet,\N,\N,François,Mazet,1943-02-24,French,http://en.wikipedia.org/wiki/Fran%C3%A7ois_Mazet,0,0.0,50,1
348,349,jean,\N,\N,Max,Jean,1943-07-27,French,http://en.wikipedia.org/wiki/Max_Jean,0,0.0,46,1
349,350,elford,\N,\N,Vic,Elford,1935-06-10,British,http://en.wikipedia.org/wiki/Vic_Elford,0,8.0,594,13
350,351,moser,\N,\N,Silvio,Moser,1941-04-24,Swiss,http://en.wikipedia.org/wiki/Silvio_Moser,0,3.0,458,18
351,352,eaton,\N,\N,George,Eaton,1945-11-12,Canadian,http://en.wikipedia.org/wiki/George_Eaton,0,0.0,445,13
352,353,lovely,\N,\N,Pete,Lovely,1926-04-11,American,http://en.wikipedia.org/wiki/Pete_Lovely,0,0.0,410,11
353,354,craft,\N,\N,Chris,Craft,1939-11-17,British,http://en.wikipedia.org/wiki/Chris_Craft_(racing_driver),0,0.0,30,2
354,355,Cannoc,\N,\N,John,Cannon,1933-06-21,Canadian,http://en.wikipedia.org/wiki/John_Cannon_(auto_racer),0,0.0,56,1
355,356,jack_brabham,\N,\N,Jack,Brabham,1926-04-02,Australian,http://en.wikipedia.org/wiki/Jack_Brabham,14,261.0,6192,129
356,357,miles,\N,\N,John,Miles,1943-06-14,British,http://en.wikipedia.org/wiki/John_Miles_(auto_racer),0,2.0,373,15
357,358,rindt,\N,\N,Jochen,Rindt,1942-04-18,Austrian,http://en.wikipedia.org/wiki/Jochen_Rindt,6,109.0,2520,62
358,359,gavin,\N,\N,Johnny,Servoz-Gavin,1942-01-18,French,http://en.wikipedia.org/wiki/Johnny_Servoz-Gavin,0,9.0,601,12
359,360,mclaren,\N,\N,Bruce,McLaren,1937-08-30,New Zealander,http://en.wikipedia.org/wiki/Bruce_McLaren,4,196.5,5081,103
360,361,courage,\N,\N,Piers,Courage,1942-05-27,British,http://en.wikipedia.org/wiki/Piers_Courage,0,20.0,1188,29
361,362,klerk,\N,\N,Peter,de Klerk,1935-03-16,South African,http://en.wikipedia.org/wiki/Peter_de_Klerk,0,0.0,274,4
362,363,giunti,\N,\N,Ignazio,Giunti,1941-08-30,Italian,http://en.wikipedia.org/wiki/Ignazio_Giunti,0,3.0,136,4
363,364,gurney,\N,\N,Dan,Gurney,1931-04-13,American,http://en.wikipedia.org/wiki/Dan_Gurney,4,133.0,3678,87
364,365,hahne,\N,\N,Hubert,Hahne,1935-03-28,German,http://en.wikipedia.org/wiki/Hubert_Hahne,0,0.0,20,3
365,366,hutchison,\N,\N,Gus,Hutchison,1937-04-26,American,http://en.wikipedia.org/wiki/Gus_Hutchison,0,0.0,21,1
366,367,westbury,\N,\N,Peter,Westbury,1938-05-26,British,http://en.wikipedia.org/wiki/Peter_Westbury,0,0.0,0,1
367,368,tingle,\N,\N,Sam,Tingle,1921-08-24,Rhodesian,http://en.wikipedia.org/wiki/Sam_Tingle,0,0.0,239,6
368,369,rooyen,\N,\N,Basil,van Rooyen,1939-04-19,South African,http://en.wikipedia.org/wiki/Basil_van_Rooyen,0,0.0,34,2
369,370,attwood,\N,\N,Richard,Attwood,1940-04-04,British,http://en.wikipedia.org/wiki/Richard_Attwood,0,11.0,872,17
370,371,pease,\N,\N,Al,Pease,1921-10-15,Canadian,http://en.wikipedia.org/wiki/Al_Pease,0,0.0,69,2
371,372,cordts,\N,\N,John,Cordts,1935-07-23,Canadian,http://en.wikipedia.org/wiki/John_Cordts,0,0.0,10,1
372,373,clark,\N,\N,Jim,Clark,1936-03-04,British,http://en.wikipedia.org/wiki/Jim_Clark,25,274.0,3984,73
373,374,spence,\N,\N,Mike,Spence,1936-12-30,British,http://en.wikipedia.org/wiki/Mike_Spence,0,27.0,1712,36
374,375,scarfiotti,\N,\N,Ludovico,Scarfiotti,1933-10-18,Italian,http://en.wikipedia.org/wiki/Ludovico_Scarfiotti,1,17.0,517,13
375,376,bianchi,\N,BIA,Lucien,Bianchi,1934-11-10,Belgian,http://en.wikipedia.org/wiki/Lucien_Bianchi,0,6.0,554,19
376,377,jo_schlesser,\N,\N,Jo,Schlesser,1928-05-18,French,http://en.wikipedia.org/wiki/Jo_Schlesser,0,0.0,4,2
377,378,widdows,\N,\N,Robin,Widdows,1942-05-27,British,http://en.wikipedia.org/wiki/Robin_Widdows,0,0.0,34,1
378,379,ahrens,\N,\N,Kurt,Ahrens,1940-04-19,German,"http://en.wikipedia.org/wiki/Kurt_Ahrens,_Jr.",0,0.0,17,2
379,380,gardner,\N,\N,Frank,Gardner,1930-10-01,Australian,http://en.wikipedia.org/wiki/Frank_Gardner_(driver),0,0.0,307,9
380,381,unser,\N,\N,Bobby,Unser,1934-02-20,American,http://en.wikipedia.org/wiki/Bobby_Unser,0,0.0,35,1
381,382,solana,\N,\N,Moisés,Solana,1935-12-26,Mexican,http://en.wikipedia.org/wiki/Mois%C3%A9s_Solana,0,0.0,312,8
382,383,anderson,\N,\N,Bob,Anderson,1931-05-19,British,http://en.wikipedia.org/wiki/Bob_Anderson_(racing_driver),0,8.0,1371,26
383,384,botha,\N,\N,Luki,Botha,1930-01-16,South African,http://en.wikipedia.org/wiki/Luki_Botha,0,0.0,60,1
384,385,bandini,\N,\N,Lorenzo,Bandini,1935-12-21,Italian,http://en.wikipedia.org/wiki/Lorenzo_Bandini,1,58.0,2261,44
385,386,ginther,\N,\N,Richie,Ginther,1930-08-05,American,http://en.wikipedia.org/wiki/Richie_Ginther,1,107.0,2931,54
386,387,parkes,\N,\N,Mike,Parkes,1931-09-24,British,http://en.wikipedia.org/wiki/Mike_Parkes,0,14.0,224,7
387,388,irwin,\N,\N,Chris,Irwin,1942-06-27,British,http://en.wikipedia.org/wiki/Chris_Irwin,0,2.0,441,10
388,389,ligier,\N,\N,Guy,Ligier,1930-07-12,French,http://en.wikipedia.org/wiki/Guy_Ligier,0,1.0,593,13
389,390,rees,\N,\N,Alan,Rees,1938-01-12,British,http://en.wikipedia.org/wiki/Alan_Rees_(racing_driver),0,0.0,91,2
390,391,hart,\N,\N,Brian,Hart,1936-09-07,British,http://en.wikipedia.org/wiki/Brian_Hart,0,0.0,12,1
391,392,fisher,\N,\N,Mike,Fisher,1943-03-13,American,http://en.wikipedia.org/wiki/Mike_Fisher_(driver),0,0.0,81,2
392,393,tom_jones,\N,\N,Tom,Jones,1943-04-26,American,http://en.wikipedia.org/wiki/Tom_Jones_(auto_racer),0,0.0,0,1
393,394,baghetti,\N,\N,Giancarlo,Baghetti,1934-12-25,Italian,http://en.wikipedia.org/wiki/Giancarlo_Baghetti,1,14.0,851,26
394,395,williams,\N,\N,Jonathan,Williams,1942-10-26,British,http://en.wikipedia.org/wiki/Jonathan_Williams_(racing_driver),0,0.0,63,1
395,396,bondurant,\N,\N,Bob,Bondurant,1933-04-27,American,http://en.wikipedia.org/wiki/Bob_Bondurant,0,3.0,403,9
396,397,arundell,\N,\N,Peter,Arundell,1933-11-08,British,http://en.wikipedia.org/wiki/Peter_Arundell,0,12.0,563,15
397,398,vic_wilson,\N,\N,Vic,Wilson,1931-04-14,British,http://en.wikipedia.org/wiki/Vic_Wilson_(motor_racing_driver),0,0.0,23,2
398,399,taylor,\N,\N,John,Taylor,1933-03-23,British,http://en.wikipedia.org/wiki/John_Taylor_(racer),0,1.0,261,5
399,400,lawrence,\N,\N,Chris,Lawrence,1933-07-27,British,http://en.wikipedia.org/wiki/Chris_Lawrence_(racing_driver),0,0.0,83,2
400,401,trevor_taylor,\N,\N,Trevor,Taylor,1936-12-26,British,http://en.wikipedia.org/wiki/Trevor_Taylor,0,8.0,1017,29
401,402,geki,\N,\N,Giacomo,Russo,1937-10-23,Italian,http://en.wikipedia.org/wiki/Geki_(driver),0,0.0,100,3
402,403,phil_hill,\N,\N,Phil,Hill,1927-04-20,American,http://en.wikipedia.org/wiki/Phil_Hill,3,98.0,2423,52
403,404,ireland,\N,\N,Innes,Ireland,1930-06-12,British,http://en.wikipedia.org/wiki/Innes_Ireland,1,47.0,2311,55
404,405,bucknum,\N,\N,Ronnie,Bucknum,1936-04-05,American,http://en.wikipedia.org/wiki/Ronnie_Bucknum,0,2.0,421,11
405,406,hawkins,\N,\N,Paul,Hawkins,1937-10-12,Australian,http://en.wikipedia.org/wiki/Paul_Hawkins_(racing_driver),0,0.0,163,3
406,407,prophet,\N,\N,David,Prophet,1937-10-09,British,http://en.wikipedia.org/wiki/David_Prophet,0,0.0,120,2
407,408,maggs,\N,\N,Tony,Maggs,1937-02-09,South African,http://en.wikipedia.org/wiki/Tony_Maggs,0,26.0,1357,27
408,409,blokdyk,\N,\N,Trevor,Blokdyk,1935-11-30,South African,http://en.wikipedia.org/wiki/Trevor_Blokdyk,0,0.0,77,2
409,410,lederle,\N,\N,Neville,Lederle,1938-09-25,South African,http://en.wikipedia.org/wiki/Neville_Lederle,0,1.0,78,3
410,411,serrurier,\N,\N,Doug,Serrurier,1920-12-09,South African,http://en.wikipedia.org/wiki/Doug_Serrurier,0,0.0,140,3
411,412,niemann,\N,\N,Brausch,Niemann,1939-01-07,South African,http://en.wikipedia.org/wiki/Brausch_Niemann,0,0.0,66,2
412,413,pieterse,\N,\N,Ernie,Pieterse,1938-07-04,South African,http://en.wikipedia.org/wiki/Ernie_Pieterse,0,0.0,74,3
413,414,puzey,\N,\N,Clive,Puzey,1941-07-11,Rhodesian,http://en.wikipedia.org/wiki/Clive_Puzey,0,0.0,0,1
414,415,reed,\N,\N,Ray,Reed,1932-04-30,South African,http://en.wikipedia.org/wiki/Ray_Reed,0,0.0,0,1
415,416,clapham,\N,\N,David,Clapham,1931-05-18,South African,http://en.wikipedia.org/wiki/David_Clapham,0,0.0,0,1
416,417,blignaut,\N,\N,Alex,Blignaut,1932-11-30,South African,http://en.wikipedia.org/wiki/Alex_Blignaut,0,0.0,0,1
417,418,gregory,\N,\N,Masten,Gregory,1932-02-29,American,http://en.wikipedia.org/wiki/Masten_Gregory,0,21.0,1701,46
418,419,rhodes,\N,\N,John,Rhodes,1927-08-18,British,http://en.wikipedia.org/wiki/John_Rhodes_(driver),0,0.0,38,1
419,420,raby,\N,\N,Ian,Raby,1921-09-22,British,http://en.wikipedia.org/wiki/Ian_Raby,0,0.0,169,7
420,421,rollinson,\N,\N,Alan,Rollinson,1943-05-15,British,http://en.wikipedia.org/wiki/Alan_Rollinson,0,0.0,0,1
421,422,gubby,\N,\N,Brian,Gubby,1934-04-17,British,http://en.wikipedia.org/wiki/Brian_Gubby,0,0.0,0,1
422,423,mitter,\N,\N,Gerhard,Mitter,1935-08-30,German,http://en.wikipedia.org/wiki/Gerhard_Mitter,0,3.0,39,5
423,424,bussinello,\N,\N,Roberto,Bussinello,1927-10-04,Italian,http://en.wikipedia.org/wiki/Roberto_Bussinello,0,0.0,59,4
424,425,vaccarella,\N,\N,Nino,Vaccarella,1933-03-04,Italian,http://en.wikipedia.org/wiki/Nino_Vaccarella,0,0.0,169,5
425,426,bassi,\N,\N,Giorgio,Bassi,1934-01-20,Italian,http://en.wikipedia.org/wiki/Giorgio_Bassi,0,0.0,8,1
426,427,trintignant,\N,\N,Maurice,Trintignant,1917-10-30,French,http://en.wikipedia.org/wiki/Maurice_Trintignant,2,72.33,3749,87
427,428,collomb,\N,\N,Bernard,Collomb,1930-10-07,French,http://en.wikipedia.org/wiki/Bernard_Collomb,0,0.0,29,6
428,429,andre_pilette,\N,\N,André,Pilette,1918-10-06,Belgian,http://en.wikipedia.org/wiki/Andr%C3%A9_Pilette,0,2.0,370,15
429,430,beaufort,\N,\N,Carel Godin,de Beaufort,1934-04-10,Dutch,http://en.wikipedia.org/wiki/Carel_Godin_de_Beaufort,0,4.0,1351,31
430,431,barth,\N,\N,Edgar,Barth,1917-01-26,German,http://en.wikipedia.org/wiki/Edgar_Barth,0,0.0,98,7
431,432,cabral,\N,\N,Mário de Araújo,Cabral,1934-01-15,Portuguese,http://en.wikipedia.org/wiki/Mario_de_Araujo_Cabral,0,0.0,125,5
432,433,hansgen,\N,\N,Walt,Hansgen,1919-10-28,American,http://en.wikipedia.org/wiki/Walt_Hansgen,0,2.0,121,4
433,434,sharp,\N,\N,Hap,Sharp,1928-01-01,American,http://en.wikipedia.org/wiki/Hap_Sharp,0,0.0,376,6
434,435,mairesse,\N,\N,Willy,Mairesse,1928-10-01,Belgian,http://en.wikipedia.org/wiki/Willy_Mairesse,0,7.0,379,12
435,436,campbell-jones,\N,\N,John,Campbell-Jones,1930-01-21,British,http://en.wikipedia.org/wiki/John_Campbell-Jones,0,0.0,90,5
436,437,burgess,\N,\N,Ian,Burgess,1930-07-06,British,http://en.wikipedia.org/wiki/Ian_Burgess,0,0.0,597,26
437,438,settember,\N,\N,Tony,Settember,1926-07-10,American,http://en.wikipedia.org/wiki/Tony_Settember,0,0.0,144,10
438,439,estefano,\N,\N,Nasif,Estéfano,1932-11-18,Argentine,http://en.wikipedia.org/wiki/Nasif_Est%C3%A9fano,0,0.0,70,5
439,440,hall,\N,\N,Jim,Hall,1935-07-23,American,http://en.wikipedia.org/wiki/Jim_Hall_(race_car_driver),0,3.0,622,12
440,441,parnell,\N,\N,Tim,Parnell,1932-06-25,British,http://en.wikipedia.org/wiki/Tim_Parnell,0,0.0,52,4
441,442,kuhnke,\N,\N,Kurt,Kuhnke,1910-04-30,German,http://en.wikipedia.org/wiki/Kurt_Kuhnke,0,0.0,0,2
442,443,ernesto_brambilla,\N,\N,Ernesto,Brambilla,1934-01-31,Italian,http://en.wikipedia.org/wiki/Ernesto_Brambilla,0,0.0,0,1
443,444,lippi,\N,\N,Roberto,Lippi,1926-10-17,Italian,http://en.wikipedia.org/wiki/Roberto_Lippi,0,0.0,1,3
444,445,seiffert,\N,\N,Günther,Seiffert,1937-10-18,German,http://en.wikipedia.org/wiki/G%C3%BCnther_Seiffert,0,0.0,0,2
445,446,abate,\N,\N,Carlo,Abate,1932-07-10,Italian,http://en.wikipedia.org/wiki/Carlo_Mario_Abate,0,0.0,0,2
446,447,starrabba,\N,\N,Gaetano,Starrabba,1932-12-03,Italian,http://en.wikipedia.org/wiki/Gaetano_Starrabba,0,0.0,19,2
447,448,broeker,\N,\N,Peter,Broeker,1926-05-15,Canadian,http://en.wikipedia.org/wiki/Peter_Broeker,0,0.0,88,1
448,449,ward,\N,\N,Rodger,Ward,1921-01-10,American,http://en.wikipedia.org/wiki/Rodger_Ward,1,14.0,1350,12
449,450,vos,\N,\N,Ernie,de Vos,1941-07-01,Dutch,http://en.wikipedia.org/wiki/Ernie_de_Vos,0,0.0,0,1
450,451,dochnal,\N,\N,Frank,Dochnal,1920-10-08,American,http://en.wikipedia.org/wiki/Frank_Dochnal,0,0.0,0,1
451,452,monarch,\N,\N,Thomas,Monarch,1945-09-03,American,http://en.wikipedia.org/wiki/Talk:1963_Mexican_Grand_Prix#Who_was_Thomas_Monarch.3F,0,0.0,0,1
452,842,gasly,10,GAS,Pierre,Gasly,1996-02-07,French,http://en.wikipedia.org/wiki/Pierre_Gasly,1,392.0,7667,142
453,453,lewis,\N,\N,Jackie,Lewis,1936-11-01,British,http://en.wikipedia.org/wiki/Jackie_Lewis,0,3.0,278,11
454,454,ricardo_rodriguez,\N,\N,Ricardo,Rodríguez,1942-02-14,Mexican,http://en.wikipedia.org/wiki/Ricardo_Rodr%C3%ADguez_(Formula_One),0,4.0,196,6
455,455,seidel,\N,\N,Wolfgang,Seidel,1926-07-04,German,http://en.wikipedia.org/wiki/Wolfgang_Seidel,0,0.0,211,13
456,456,salvadori,\N,\N,Roy,Salvadori,1922-05-12,British,http://en.wikipedia.org/wiki/Roy_Salvadori,0,19.0,1884,51
457,457,pon,\N,\N,Ben,Pon,1936-12-09,Dutch,http://en.wikipedia.org/wiki/Ben_Pon,0,0.0,2,1
458,458,slotemaker,\N,\N,Rob,Slotemaker,1929-06-13,Dutch,http://en.wikipedia.org/wiki/Rob_Slotemaker,0,0.0,0,1
459,459,marsh,\N,\N,Tony,Marsh,1931-07-20,British,http://en.wikipedia.org/wiki/Tony_Marsh_(racing_driver),0,0.0,70,9
460,460,ashmore,\N,\N,Gerry,Ashmore,1936-07-25,British,http://en.wikipedia.org/wiki/Gerry_Ashmore,0,0.0,20,5
461,461,schiller,\N,\N,Heinz,Schiller,1930-01-25,Swiss,http://en.wikipedia.org/wiki/Heinz_Schiller,0,0.0,4,2
462,462,davis,\N,\N,Colin,Davis,1933-07-29,British,http://en.wikipedia.org/wiki/Colin_Davis_(driver),0,0.0,75,3
463,463,chamberlain,\N,\N,Jay,Chamberlain,1925-12-29,American,http://en.wikipedia.org/wiki/Jay_Chamberlain,0,0.0,64,3
464,464,shelly,\N,\N,Tony,Shelly,1937-02-02,New Zealander,http://en.wikipedia.org/wiki/Tony_Shelly,0,0.0,6,3
465,465,greene,\N,\N,Keith,Greene,1938-01-05,British,http://en.wikipedia.org/wiki/Keith_Greene,0,0.0,88,7
466,466,walter,\N,\N,Heini,Walter,1927-07-28,Swiss,http://en.wikipedia.org/wiki/Heini_Walter,0,0.0,14,1
467,467,prinoth,\N,\N,Ernesto,Prinoth,1923-04-15,Italian,http://en.wikipedia.org/wiki/Ernesto_Prinoth,0,0.0,0,2
468,468,penske,\N,\N,Roger,Penske,1937-02-20,American,http://en.wikipedia.org/wiki/Roger_Penske,0,0.0,192,2
469,469,schroeder,\N,\N,Rob,Schroeder,1926-05-11,British,http://en.wikipedia.org/wiki/Rob_Schroeder,0,0.0,93,1
470,470,mayer,\N,\N,Timmy,Mayer,1938-02-22,American,http://en.wikipedia.org/wiki/Timmy_Mayer,0,0.0,31,1
471,471,johnstone,\N,\N,Bruce,Johnstone,1937-01-30,South African,http://en.wikipedia.org/wiki/Bruce_Johnstone_(racing_driver),0,0.0,76,1
472,472,harris,\N,\N,Mike,Harris,1939-05-25,South African,http://en.wikipedia.org/wiki/Mike_Harris_(race_car_driver),0,0.0,31,1
473,473,hocking,\N,\N,Gary,Hocking,1937-09-30,Rhodesian,http://en.wikipedia.org/wiki/Gary_Hocking,0,0.0,0,1
474,474,vyver,\N,\N,Syd,van der Vyver,1920-06-01,South African,http://en.wikipedia.org/wiki/Syd_van_der_Vyver,0,0.0,0,1
475,475,moss,\N,\N,Stirling,Moss,1929-09-17,British,http://en.wikipedia.org/wiki/Stirling_Moss,16,186.5,3612,73
476,476,trips,\N,\N,Wolfgang,von Trips,1928-05-04,German,http://en.wikipedia.org/wiki/Wolfgang_Graf_Berghe_von_Trips,2,56.0,1409,28
477,477,allison,\N,\N,Cliff,Allison,1932-02-08,British,http://en.wikipedia.org/wiki/Cliff_Allison,0,11.0,690,18
478,478,herrmann,\N,\N,Hans,Herrmann,1928-02-23,German,http://en.wikipedia.org/wiki/Hans_Herrmann,0,10.0,706,20
479,479,brooks,\N,\N,Tony,Brooks,1932-02-25,British,http://en.wikipedia.org/wiki/Tony_Brooks,6,75.0,1709,41
480,480,may,\N,\N,Michael,May,1934-08-18,Swiss,http://en.wikipedia.org/wiki/Michael_May_(racing_driver),0,0.0,90,4
481,481,henry_taylor,\N,\N,Henry,Taylor,1932-12-16,British,http://en.wikipedia.org/wiki/Henry_Taylor_(racing_driver),0,3.0,431,10
482,482,gendebien,\N,\N,Olivier,Gendebien,1924-01-12,Belgian,http://en.wikipedia.org/wiki/Olivier_Gendebien,0,18.0,702,17
483,483,scarlatti,\N,\N,Giorgio,Scarlatti,1921-10-02,Italian,http://en.wikipedia.org/wiki/Giorgio_Scarlatti,0,1.0,427,15
484,484,naylor,\N,\N,Brian,Naylor,1923-03-24,British,http://en.wikipedia.org/wiki/Brian_Naylor,0,0.0,178,9
485,485,bordeu,\N,\N,Juan Manuel,Bordeu,1934-01-28,Argentine,http://en.wikipedia.org/wiki/Juan_Manuel_Bordeu,0,0.0,0,1
486,486,fairman,\N,\N,Jack,Fairman,1913-03-15,British,http://en.wikipedia.org/wiki/Jack_Fairman,0,5.0,527,13
487,487,natili,\N,\N,Massimo,Natili,1935-07-28,Italian,http://en.wikipedia.org/wiki/Massimo_Natili,0,0.0,0,2
488,488,monteverdi,\N,\N,Peter,Monteverdi,1934-06-07,Swiss,http://en.wikipedia.org/wiki/Peter_Monteverdi,0,0.0,0,1
489,489,pirocchi,\N,\N,Renato,Pirocchi,1933-03-26,Italian,http://en.wikipedia.org/wiki/Renato_Pirocchi,0,0.0,38,2
490,490,duke,\N,\N,Geoff,Duke,1923-03-29,British,http://en.wikipedia.org/wiki/Geoff_Duke,0,0.0,0,1
491,491,thiele,\N,\N,Alfonso,Thiele,1920-04-05,American-Italian,http://en.wikipedia.org/wiki/Alfonso_Thiele,0,0.0,32,2
492,492,boffa,\N,\N,Menato,Boffa,1930-01-04,Italian,http://en.wikipedia.org/wiki/Menato_Boffa,0,0.0,0,1
493,493,ryan,\N,\N,Peter,Ryan,1940-06-10,Canadian,http://en.wikipedia.org/wiki/Peter_Ryan_(driver),0,0.0,96,1
494,494,ruby,\N,\N,Lloyd,Ruby,1928-01-12,American,http://en.wikipedia.org/wiki/Lloyd_Ruby,0,0.0,276,2
495,495,ken_miles,\N,\N,Ken,Miles,1918-11-01,British,http://en.wikipedia.org/wiki/Ken_Miles,0,0.0,0,1
496,496,menditeguy,\N,\N,Carlos,Menditeguy,1914-08-10,Argentine,http://en.wikipedia.org/wiki/Carlos_Menditeguy,0,9.0,541,12
497,497,larreta,\N,\N,Alberto Rodriguez,Larreta,1934-01-14,Argentine,http://en.wikipedia.org/wiki/Alberto_Rodriguez_Larreta,0,0.0,77,1
498,498,gonzalez,\N,\N,José Froilán,González,1922-10-05,Argentine,http://en.wikipedia.org/wiki/Jos%C3%A9_Froil%C3%A1n_Gonz%C3%A1lez,2,77.64,1500,29
499,499,bonomi,\N,\N,Roberto,Bonomi,1919-09-30,Argentine,http://en.wikipedia.org/wiki/Roberto_Bonomi,0,0.0,76,1
500,500,munaron,\N,\N,Gino,Munaron,1928-04-02,Italian,http://en.wikipedia.org/wiki/Gino_Munaron,0,0.0,185,4
501,501,schell,\N,\N,Harry,Schell,1921-06-29,American,http://en.wikipedia.org/wiki/Harry_Schell,0,32.0,2810,64
502,502,stacey,\N,\N,Alan,Stacey,1933-08-29,British,http://en.wikipedia.org/wiki/Alan_Stacey,0,0.0,220,7
503,503,chimeri,\N,\N,Ettore,Chimeri,1921-06-04,Venezuelan,http://en.wikipedia.org/wiki/Ettore_Chimeri,0,0.0,23,1
504,504,creus,\N,\N,Antonio,Creus,1924-10-28,Spanish,http://en.wikipedia.org/wiki/Antonio_Creus,0,0.0,16,1
505,505,bristow,\N,\N,Chris,Bristow,1937-12-02,British,http://en.wikipedia.org/wiki/Chris_Bristow,0,0.0,115,4
506,506,halford,\N,\N,Bruce,Halford,1931-05-18,British,http://en.wikipedia.org/wiki/Bruce_Halford,0,0.0,176,9
507,507,daigh,\N,\N,Chuck,Daigh,1923-11-29,American,http://en.wikipedia.org/wiki/Chuck_Daigh,0,0.0,144,6
508,508,reventlow,\N,\N,Lance,Reventlow,1936-02-24,American,http://en.wikipedia.org/wiki/Lance_Reventlow,0,0.0,1,4
509,509,rathmann,\N,\N,Jim,Rathmann,1928-07-16,American,http://en.wikipedia.org/wiki/Jim_Rathmann,1,29.0,2166,12
510,510,goldsmith,\N,\N,Paul,Goldsmith,1925-10-02,American,http://en.wikipedia.org/wiki/Paul_Goldsmith,0,6.0,400,3
511,511,branson,\N,\N,Don,Branson,1920-06-02,American,http://en.wikipedia.org/wiki/Don_Branson,0,3.0,312,2
512,512,thomson,\N,\N,Johnny,Thomson,1922-04-09,American,http://en.wikipedia.org/wiki/Johnny_Thomson,0,10.0,1210,9
513,513,johnson,\N,\N,Eddie,Johnson,1919-02-10,American,http://en.wikipedia.org/wiki/Eddie_Johnson_(auto_racer),0,1.0,1649,9
514,514,veith,\N,\N,Bob,Veith,1926-11-01,American,http://en.wikipedia.org/wiki/Bob_Veith,0,0.0,801,5
515,515,tingelstad,\N,\N,Bud,Tingelstad,1928-04-04,American,http://en.wikipedia.org/wiki/Bud_Tingelstad,0,0.0,200,1
516,516,christie,\N,\N,Bob,Christie,1924-04-04,American,http://en.wikipedia.org/wiki/Bob_Christie_(racing_driver),0,0.0,891,5
517,517,amick,\N,\N,Red,Amick,1929-01-19,American,http://en.wikipedia.org/wiki/Red_Amick,0,0.0,245,2
518,518,darter,\N,\N,Duane,Carter,1913-05-05,American,http://en.wikipedia.org/wiki/Duane_Carter,0,6.5,1800,10
519,519,homeier,\N,\N,Bill,Homeier,1918-08-31,American,http://en.wikipedia.org/wiki/Bill_Homeier,0,1.0,474,3
520,520,hartley,\N,\N,Gene,Hartley,1926-01-28,American,http://en.wikipedia.org/wiki/Gene_Hartley,0,0.0,1402,9
521,521,stevenson,\N,\N,Chuck,Stevenson,1919-10-15,American,http://en.wikipedia.org/wiki/Chuck_Stevenson,0,0.0,1020,7
522,522,grim,\N,\N,Bobby,Grim,1924-09-04,American,http://en.wikipedia.org/wiki/Bobby_Grim,0,0.0,279,2
523,523,templeman,\N,\N,Shorty,Templeman,1919-08-12,American,http://en.wikipedia.org/wiki/Shorty_Templeman,0,0.0,449,3
524,524,hurtubise,\N,\N,Jim,Hurtubise,1932-12-05,American,http://en.wikipedia.org/wiki/Jim_Hurtubise,0,0.0,185,1
525,525,bryan,\N,\N,Jimmy,Bryan,1926-01-28,American,http://en.wikipedia.org/wiki/Jimmy_Bryan,1,18.0,1411,9
526,526,ruttman,\N,\N,Troy,Ruttman,1930-03-11,American,http://en.wikipedia.org/wiki/Troy_Ruttman,1,9.5,822,9
527,527,sachs,\N,\N,Eddie,Sachs,1927-05-28,American,http://en.wikipedia.org/wiki/Eddie_Sachs,0,0.0,487,4
528,528,freeland,\N,\N,Don,Freeland,1925-03-25,American,http://en.wikipedia.org/wiki/Don_Freeland,0,4.0,1311,8
529,529,bettenhausen,\N,\N,Tony,Bettenhausen,1916-09-12,American,http://en.wikipedia.org/wiki/Tony_Bettenhausen,0,11.0,2014,13
530,530,weiler,\N,\N,Wayne,Weiler,1934-12-09,American,http://en.wikipedia.org/wiki/Wayne_Weiler,0,0.0,103,1
531,531,foyt,\N,\N,Anthony,Foyt,1935-01-16,American,http://en.wikipedia.org/wiki/A.J._Foyt,0,0.0,438,3
532,532,russo,\N,\N,Eddie,Russo,1925-11-19,American,http://en.wikipedia.org/wiki/Eddie_Russo,0,0.0,362,4
533,533,boyd,\N,\N,Johnny,Boyd,1926-08-19,American,http://en.wikipedia.org/wiki/Johnny_Boyd,0,4.0,765,6
534,534,force,\N,\N,Gene,Force,1916-06-15,American,http://en.wikipedia.org/wiki/Gene_Force,0,0.0,216,2
535,535,mcwithey,\N,\N,Jim,McWithey,1927-07-04,American,http://en.wikipedia.org/wiki/Jim_McWithey,0,0.0,260,2
536,536,sutton,\N,\N,Len,Sutton,1925-08-09,American,http://en.wikipedia.org/wiki/Len_Sutton,0,0.0,81,3
537,537,dick_rathmann,\N,\N,Dick,Rathmann,1924-01-06,American,http://en.wikipedia.org/wiki/Dick_Rathmann,0,2.0,417,5
538,538,herman,\N,\N,Al,Herman,1927-03-15,American,http://en.wikipedia.org/wiki/Al_Herman,0,0.0,619,5
539,539,dempsey_wilson,\N,\N,Dempsey,Wilson,1927-03-11,American,http://en.wikipedia.org/wiki/Dempsey_Wilson,0,0.0,162,2
540,540,mike_taylor,\N,\N,Mike,Taylor,1934-04-24,British,http://en.wikipedia.org/wiki/Mike_Taylor_(driver),0,0.0,17,2
541,541,flockhart,\N,\N,Ron,Flockhart,1923-06-16,British,http://en.wikipedia.org/wiki/Ron_Flockhart_(auto_racing),0,5.0,525,15
542,542,piper,\N,\N,David,Piper,1930-12-02,British,http://en.wikipedia.org/wiki/David_Piper,0,0.0,91,3
543,543,cabianca,\N,\N,Giulio,Cabianca,1923-02-19,Italian,http://en.wikipedia.org/wiki/Giulio_Cabianca,0,3.0,163,4
544,544,drogo,\N,\N,Piero,Drogo,1926-08-08,Italian,http://en.wikipedia.org/wiki/Piero_Drogo,0,0.0,45,1
545,545,gamble,\N,\N,Fred,Gamble,1932-03-17,American,http://en.wikipedia.org/wiki/Fred_Gamble_(racing_driver),0,0.0,41,1
546,546,owen,\N,\N,Arthur,Owen,1915-03-23,British,http://en.wikipedia.org/wiki/Arthur_Owen,0,0.0,0,1
547,547,gould,\N,\N,Horace,Gould,1918-09-20,British,http://en.wikipedia.org/wiki/Horace_Gould,0,2.0,472,18
548,548,drake,\N,\N,Bob,Drake,1919-12-14,American,http://en.wikipedia.org/wiki/Bob_Drake_(Formula_One),0,0.0,68,1
549,549,bueb,\N,\N,Ivor,Bueb,1923-06-06,British,http://en.wikipedia.org/wiki/Ivor_Bueb,0,0.0,219,6
550,550,Changy,\N,\N,Alain,de Changy,1922-02-05,Belgian,http://en.wikipedia.org/wiki/Alain_de_Changy,0,0.0,0,1
551,551,filippis,\N,\N,Maria,de Filippis,1926-11-11,Italian,http://en.wikipedia.org/wiki/Maria_Teresa_de_Filippis,0,0.0,85,5
552,552,lucienbonnet,\N,\N,Jean,Lucienbonnet,1923-01-07,French,http://en.wikipedia.org/wiki/Jean_Lucienbonnet,0,0.0,0,1
553,553,testut,\N,\N,André,Testut,1926-04-13,Monegasque,http://en.wikipedia.org/wiki/Andr%C3%A9_Testut,0,0.0,0,2
554,554,behra,\N,\N,Jean,Behra,1921-02-16,French,http://en.wikipedia.org/wiki/Jean_Behra,0,51.0,2484,57
555,555,paul_russo,\N,\N,Paul,Russo,1914-04-10,American,http://en.wikipedia.org/wiki/Paul_Russo,0,8.5,1367,9
556,556,daywalt,\N,\N,Jimmy,Daywalt,1924-08-28,American,http://en.wikipedia.org/wiki/Jimmy_Daywalt,0,0.0,1063,7
557,557,arnold,\N,\N,Chuck,Arnold,1926-05-30,American,http://en.wikipedia.org/wiki/Chuck_Arnold,0,0.0,200,1
558,558,keller,\N,\N,Al,Keller,1920-04-11,American,http://en.wikipedia.org/wiki/Al_Keller,0,0.0,687,5
559,559,flaherty,\N,\N,Pat,Flaherty,1926-01-06,American,http://en.wikipedia.org/wiki/Pat_Flaherty_(racing_driver),1,8.0,922,6
560,560,cheesbourg,\N,\N,Bill,Cheesbourg,1927-06-12,American,http://en.wikipedia.org/wiki/Bill_Cheesbourg,0,0.0,428,3
561,561,ray_crawford,\N,\N,Ray,Crawford,1915-10-26,American,http://en.wikipedia.org/wiki/Ray_Crawford,0,0.0,275,3
562,562,turner,\N,\N,Jack,Turner,1920-02-12,American,http://en.wikipedia.org/wiki/Jack_Turner_(driver),0,0.0,399,4
563,563,weyant,\N,\N,Chuck,Weyant,1923-04-03,American,http://en.wikipedia.org/wiki/Chuck_Weyant,0,0.0,475,4
564,564,larson,\N,\N,Jud,Larson,1923-01-21,American,http://en.wikipedia.org/wiki/Jud_Larson,0,0.0,245,2
565,565,magill,\N,\N,Mike,Magill,1920-02-08,American,http://en.wikipedia.org/wiki/Mike_Magill,0,0.0,282,3
566,566,shelby,\N,\N,Carroll,Shelby,1923-01-11,American,http://en.wikipedia.org/wiki/Carroll_Shelby,0,0.0,420,9
567,567,orey,\N,\N,Fritz,d'Orey,1938-03-25,Brazilian,http://en.wikipedia.org/wiki/Fritz_d%27Orey,0,0.0,103,3
568,568,fontes,\N,\N,Azdrubal,Fontes,1922-12-26,Uruguayan,http://en.wikipedia.org/wiki/Azdrubal_Fontes,0,0.0,0,1
569,569,ashdown,\N,\N,Peter,Ashdown,1934-10-16,British,http://en.wikipedia.org/wiki/Peter_Ashdown,0,0.0,69,1
570,570,bill_moss,\N,\N,Bill,Moss,1933-09-04,British,http://en.wikipedia.org/wiki/Bill_Moss_(racing_driver),0,0.0,0,1
571,571,dennis_taylor,\N,\N,Dennis,Taylor,1921-06-12,British,http://en.wikipedia.org/wiki/Dennis_Taylor_(racing_driver),0,0.0,0,1
572,572,blanchard,\N,\N,Harry,Blanchard,1929-06-13,American,http://en.wikipedia.org/wiki/Harry_Blanchard,0,0.0,38,1
573,573,tomaso,\N,\N,Alessandro,de Tomaso,1928-07-10,Argentine-Italian,http://en.wikipedia.org/wiki/Alessandro_de_Tomaso,0,0.0,104,2
574,574,constantine,\N,\N,George,Constantine,1918-02-22,American,http://en.wikipedia.org/wiki/George_Constantine,0,0.0,5,1
575,575,said,\N,\N,Bob,Said,1932-05-05,American,http://en.wikipedia.org/wiki/Bob_Said,0,0.0,0,1
576,576,cade,\N,\N,Phil,Cade,1916-06-12,American,http://en.wikipedia.org/wiki/Phil_Cade,0,0.0,0,1
577,577,musso,\N,\N,Luigi,Musso,1924-07-28,Italian,http://en.wikipedia.org/wiki/Luigi_Musso,1,44.0,1322,26
578,578,hawthorn,\N,\N,Mike,Hawthorn,1929-04-10,British,http://en.wikipedia.org/wiki/Mike_Hawthorn,3,127.64,2589,48
579,579,fangio,\N,\N,Juan,Fangio,1911-06-24,Argentine,http://en.wikipedia.org/wiki/Juan_Manuel_Fangio,24,279.14,3387,58
580,580,godia,\N,\N,Paco,Godia,1921-03-21,Spanish,http://en.wikipedia.org/wiki/Paco_Godia,0,6.0,582,14
581,581,collins,\N,\N,Peter,Collins,1931-11-06,British,http://en.wikipedia.org/wiki/Peter_Collins_(racing_driver),3,47.0,1674,37
582,582,kavanagh,\N,\N,Ken,Kavanagh,1923-12-12,Australian,http://en.wikipedia.org/wiki/Ken_Kavanagh,0,0.0,0,1
583,583,gerini,\N,\N,Gerino,Gerini,1928-08-10,Italian,http://en.wikipedia.org/wiki/Gerino_Gerini_(racing_driver),0,1.5,275,7
584,584,kessler,\N,\N,Bruce,Kessler,1936-03-23,American,http://en.wikipedia.org/wiki/Bruce_Kessler,0,0.0,0,1
585,585,emery,\N,\N,Paul,Emery,1916-11-12,British,http://en.wikipedia.org/wiki/Paul_Emery,0,0.0,12,2
586,586,piotti,\N,\N,Luigi,Piotti,1913-10-27,Italian,http://en.wikipedia.org/wiki/Luigi_Piotti,0,0.0,197,9
587,587,ecclestone,\N,\N,Bernie,Ecclestone,1930-10-28,British,http://en.wikipedia.org/wiki/Bernie_Ecclestone,0,0.0,0,1
588,588,taramazzo,\N,\N,Luigi,Taramazzo,1932-05-05,Italian,http://en.wikipedia.org/wiki/Luigi_Taramazzo,0,0.0,0,1
589,589,chiron,\N,\N,Louis,Chiron,1899-08-03,Monegasque,http://en.wikipedia.org/wiki/Louis_Chiron,0,4.0,602,17
590,590,lewis-evans,\N,\N,Stuart,Lewis-Evans,1930-04-20,British,http://en.wikipedia.org/wiki/Stuart_Lewis-Evans,0,16.0,601,14
591,591,george_amick,\N,\N,George,Amick,1924-10-24,American,http://en.wikipedia.org/wiki/George_Amick,0,6.0,200,1
592,592,reece,\N,\N,Jimmy,Reece,1929-11-17,American,http://en.wikipedia.org/wiki/Jimmy_Reece,0,0.0,986,6
593,593,parsons,\N,\N,Johnnie,Parsons,1918-07-04,American,http://en.wikipedia.org/wiki/Johnnie_Parsons,1,12.0,1504,10
594,594,tolan,\N,\N,Johnnie,Tolan,1917-10-22,American,http://en.wikipedia.org/wiki/Johnnie_Tolan,0,0.0,511,3
595,595,garrett,\N,\N,Billy,Garrett,1933-04-24,American,http://en.wikipedia.org/wiki/Billy_Garrett,0,0.0,274,2
596,596,elisian,\N,\N,Ed,Elisian,1926-12-09,American,http://en.wikipedia.org/wiki/Ed_Elisian,0,0.0,457,5
597,597,connor,\N,\N,Pat,O'Connor,1928-10-09,American,http://en.wikipedia.org/wiki/Pat_O%27Connor_(auto_racer),0,0.0,768,5
598,598,jerry_unser,\N,\N,Jerry,Unser,1932-11-15,American,http://en.wikipedia.org/wiki/Jerry_Unser,0,0.0,0,1
599,599,bisch,\N,\N,Art,Bisch,1926-11-10,American,http://en.wikipedia.org/wiki/Art_Bisch,0,0.0,0,1
600,600,goethals,\N,\N,Christian,Goethals,1928-08-04,Belgian,http://en.wikipedia.org/wiki/Christian_Goethals,0,0.0,4,1
601,601,gibson,\N,\N,Dick,Gibson,1918-04-16,British,http://en.wikipedia.org/wiki/Dick_Gibson,0,0.0,5,2
602,602,la_caze,\N,\N,Robert,La Caze,1917-02-26,French,http://en.wikipedia.org/wiki/Robert_La_Caze,0,0.0,48,1
603,603,guelfi,\N,\N,André,Guelfi,1919-05-06,French,http://en.wikipedia.org/wiki/Andr%C3%A9_Guelfi,0,0.0,48,1
604,604,picard,\N,\N,François,Picard,1921-04-26,French,http://en.wikipedia.org/wiki/Fran%C3%A7ois_Picard,0,0.0,31,1
605,605,bridger,\N,\N,Tom,Bridger,1934-06-24,British,http://en.wikipedia.org/wiki/Tom_Bridger,0,0.0,30,1
606,606,portago,\N,\N,Alfonso,de Portago,1928-10-11,Spanish,http://en.wikipedia.org/wiki/Alfonso_de_Portago,0,4.0,330,6
607,607,perdisa,\N,\N,Cesare,Perdisa,1932-10-21,Italian,http://en.wikipedia.org/wiki/Cesare_Perdisa,0,5.0,592,9
608,608,castellotti,\N,\N,Eugenio,Castellotti,1930-10-10,Italian,http://en.wikipedia.org/wiki/Eugenio_Castellotti,0,19.5,852,17
609,609,simon,\N,\N,André,Simon,1920-01-05,French,http://en.wikipedia.org/wiki/Andr%C3%A9_Simon_(racing_driver),0,0.0,461,12
610,610,leston,\N,\N,Les,Leston,1920-12-16,British,http://en.wikipedia.org/wiki/Les_Leston,0,0.0,50,3
611,611,hanks,\N,\N,Sam,Hanks,1914-07-13,American,http://en.wikipedia.org/wiki/Sam_Hanks,1,20.0,1502,9
612,612,linden,\N,\N,Andy,Linden,1922-04-05,American,http://en.wikipedia.org/wiki/Andy_Linden_(racing_driver),0,5.0,1527,11
613,613,teague,\N,\N,Marshall,Teague,1921-02-22,American,http://en.wikipedia.org/wiki/Marshall_Teague_(racing_driver),0,0.0,733,4
614,614,edmunds,\N,\N,Don,Edmunds,1930-09-23,American,http://en.wikipedia.org/wiki/Don_Edmunds,0,0.0,170,1
615,615,agabashian,\N,\N,Fred,Agabashian,1913-08-21,American,http://en.wikipedia.org/wiki/Fred_Agabashian,0,1.5,986,8
616,616,george,\N,\N,Elmer,George,1928-07-15,American,http://en.wikipedia.org/wiki/Elmer_George,0,0.0,0,1
617,617,macdowel,\N,\N,Mike,MacDowel,1932-09-13,British,http://en.wikipedia.org/wiki/Mike_MacDowel,0,0.0,68,1
618,618,mackay-fraser,\N,\N,Herbert,MacKay-Fraser,1927-06-23,American,http://en.wikipedia.org/wiki/Herbert_MacKay-Fraser,0,0.0,24,1
619,619,gerard,\N,\N,Bob,Gerard,1914-01-19,British,http://en.wikipedia.org/wiki/Bob_Gerard,0,0.0,553,7
620,620,maglioli,\N,\N,Umberto,Maglioli,1928-06-05,Italian,http://en.wikipedia.org/wiki/Umberto_Maglioli,0,3.33,518,10
621,621,england,\N,\N,Paul,England,1929-03-28,Australian,http://en.wikipedia.org/wiki/Paul_England,0,0.0,4,1
622,622,landi,\N,\N,Chico,Landi,1907-07-14,Brazilian,http://en.wikipedia.org/wiki/Chico_Landi,0,1.5,323,6
623,623,uria,\N,\N,Alberto,Uria,1924-07-11,Uruguayan,http://en.wikipedia.org/wiki/Alberto_Uria,0,0.0,110,2
624,624,ramos,\N,\N,Hernando,da Silva Ramos,1925-12-07,Brazilian,http://en.wikipedia.org/wiki/Hernando_da_Silva_Ramos,0,2.0,405,8
625,625,bayol,\N,\N,Élie,Bayol,1914-02-28,French,http://en.wikipedia.org/wiki/%C3%89lie_Bayol,0,2.0,278,7
626,626,manzon,\N,\N,Robert,Manzon,1917-04-12,French,http://en.wikipedia.org/wiki/Robert_Manzon,0,16.0,1001,29
627,627,rosier,\N,\N,Louis,Rosier,1905-11-05,French,http://en.wikipedia.org/wiki/Louis_Rosier,0,18.0,1612,39
628,628,sweikert,\N,\N,Bob,Sweikert,1926-05-20,American,http://en.wikipedia.org/wiki/Bob_Sweikert,1,8.0,825,5
629,629,griffith,\N,\N,Cliff,Griffith,1916-02-06,American,http://en.wikipedia.org/wiki/Cliff_Griffith,0,0.0,429,3
630,630,dinsmore,\N,\N,Duke,Dinsmore,1913-04-10,American,http://en.wikipedia.org/wiki/Duke_Dinsmore,0,0.0,451,4
631,631,andrews,\N,\N,Keith,Andrews,1920-06-15,American,http://en.wikipedia.org/wiki/Keith_Andrews_(driver),0,0.0,214,2
632,632,frere,\N,\N,Paul,Frère,1917-01-30,Belgian,http://en.wikipedia.org/wiki/Paul_Fr%C3%A8re,0,11.0,307,11
633,633,villoresi,\N,\N,Luigi,Villoresi,1909-05-16,Italian,http://en.wikipedia.org/wiki/Luigi_Villoresi,0,49.0,1580,35
634,634,scotti,\N,\N,Piero,Scotti,1909-11-11,Italian,http://en.wikipedia.org/wiki/Piero_Scotti,0,0.0,10,1
635,635,chapman,\N,\N,Colin,Chapman,1928-05-19,British,http://en.wikipedia.org/wiki/Colin_Chapman,0,0.0,0,1
636,636,titterington,\N,\N,Desmond,Titterington,1928-05-01,British,http://en.wikipedia.org/wiki/Desmond_Titterington,0,0.0,74,1
637,637,scott_Brown,\N,\N,Archie,Scott Brown,1927-05-13,British,http://en.wikipedia.org/wiki/Archie_Scott_Brown,0,0.0,16,1
638,638,volonterio,\N,\N,Ottorino,Volonterio,1917-12-07,Swiss,http://en.wikipedia.org/wiki/Ottorino_Volonterio,0,0.0,145,3
639,639,milhoux,\N,\N,André,Milhoux,1928-12-09,Belgian,http://en.wikipedia.org/wiki/Andr%C3%A9_Milhoux,0,0.0,15,1
640,640,graffenried,\N,\N,Toulo,de Graffenried,1914-05-18,Swiss,http://en.wikipedia.org/wiki/Toulo_de_Graffenried,0,9.0,963,23
641,641,taruffi,\N,\N,Piero,Taruffi,1906-10-12,Italian,http://en.wikipedia.org/wiki/Piero_Taruffi,1,41.0,798,18
642,642,farina,\N,\N,Nino,Farina,1906-10-30,Italian,http://en.wikipedia.org/wiki/Nino_Farina,5,127.33,1994,37
643,643,mieres,\N,\N,Roberto,Mieres,1924-12-03,Argentine,http://en.wikipedia.org/wiki/Roberto_Mieres,0,13.0,820,17
644,644,mantovani,\N,\N,Sergio,Mantovani,1929-05-22,Italian,http://en.wikipedia.org/wiki/Sergio_Mantovani,0,4.0,465,9
645,645,bucci,\N,\N,Clemar,Bucci,1920-09-04,Argentine,http://en.wikipedia.org/wiki/Clemar_Bucci,0,0.0,93,5
646,646,iglesias,\N,\N,Jesús,Iglesias,1922-02-22,Argentine,http://en.wikipedia.org/wiki/Jes%C3%BAs_Iglesias,0,0.0,38,1
647,647,ascari,\N,\N,Alberto,Ascari,1918-07-13,Italian,http://en.wikipedia.org/wiki/Alberto_Ascari,13,140.0,1821,36
648,648,kling,\N,\N,Karl,Kling,1910-09-16,German,http://en.wikipedia.org/wiki/Karl_Kling,0,17.0,583,12
649,649,birger,\N,\N,Pablo,Birger,1924-01-07,Argentine,http://en.wikipedia.org/wiki/Pablo_Birger,0,0.0,22,2
650,650,pollet,\N,\N,Jacques,Pollet,1922-07-02,French,http://en.wikipedia.org/wiki/Jacques_Pollet,0,0.0,252,5
651,651,macklin,\N,\N,Lance,Macklin,1919-09-02,British,http://en.wikipedia.org/wiki/Lance_Macklin,0,0.0,479,15
652,652,whiteaway,\N,\N,Ted,Whiteaway,1928-11-01,British,http://en.wikipedia.org/wiki/Ted_Whiteaway,0,0.0,0,1
653,653,davies,\N,\N,Jimmy,Davies,1929-08-08,American,http://en.wikipedia.org/wiki/Jimmy_Davies,0,4.0,1022,6
654,654,faulkner,\N,\N,Walt,Faulkner,1920-02-16,American,http://en.wikipedia.org/wiki/Walt_Faulkner,0,1.0,833,5
655,655,niday,\N,\N,Cal,Niday,1914-04-29,American,http://en.wikipedia.org/wiki/Cal_Niday,0,0.0,400,3
656,656,cross,\N,\N,Art,Cross,1918-01-24,American,http://en.wikipedia.org/wiki/Art_Cross,0,8.0,768,4
657,657,vukovich,\N,\N,Bill,Vukovich,1918-12-13,American,http://en.wikipedia.org/wiki/Bill_Vukovich,2,19.0,676,5
658,658,mcgrath,\N,\N,Jack,McGrath,1919-10-08,American,http://en.wikipedia.org/wiki/Jack_McGrath_(racing_driver),0,9.0,985,6
659,659,hoyt,\N,\N,Jerry,Hoyt,1929-01-29,American,http://en.wikipedia.org/wiki/Jerry_Hoyt,0,0.0,602,5
660,660,claes,\N,\N,Johnny,Claes,1916-08-11,Belgian,http://en.wikipedia.org/wiki/Johnny_Claes,0,0.0,900,25
661,661,peter_walker,\N,\N,Peter,Walker,1912-10-07,British,http://en.wikipedia.org/wiki/Peter_Walker_(driver),0,0.0,110,4
662,662,sparken,\N,\N,Mike,Sparken,1930-06-16,French,http://en.wikipedia.org/wiki/Mike_Sparken,0,0.0,81,1
663,663,wharton,\N,\N,Ken,Wharton,1916-03-21,British,http://en.wikipedia.org/wiki/Ken_Wharton,0,3.0,772,16
664,664,mcalpine,\N,\N,Kenneth,McAlpine,1920-09-21,British,http://en.wikipedia.org/wiki/Kenneth_McAlpine,0,0.0,248,7
665,665,marr,\N,\N,Leslie,Marr,1922-08-14,British,http://en.wikipedia.org/wiki/Leslie_Marr,0,0.0,100,2
666,666,rolt,\N,\N,Tony,Rolt,1918-10-16,British,http://en.wikipedia.org/wiki/Tony_Rolt,0,0.0,94,3
667,667,fitch,\N,\N,John,Fitch,1917-08-04,American,http://en.wikipedia.org/wiki/John_Fitch_(driver),0,0.0,60,2
668,668,lucas,\N,\N,Jean,Lucas,1917-04-25,French,http://en.wikipedia.org/wiki/Jean_Lucas,0,0.0,7,1
669,669,bira,\N,\N,Prince,Bira,1914-07-15,Thai,http://en.wikipedia.org/wiki/Prince_Bira,0,8.0,904,19
670,670,marimon,\N,\N,Onofre,Marimón,1923-12-19,Argentine,http://en.wikipedia.org/wiki/Onofre_Marim%C3%B3n,0,8.14,458,12
671,671,loyer,\N,\N,Roger,Loyer,1907-08-05,French,http://en.wikipedia.org/wiki/Roger_Loyer,0,0.0,19,1
672,672,daponte,\N,\N,Jorge,Daponte,1923-06-05,Argentine,http://en.wikipedia.org/wiki/Jorge_Daponte,0,0.0,89,2
673,673,nazaruk,\N,\N,Mike,Nazaruk,1921-10-02,American,http://en.wikipedia.org/wiki/Mike_Nazaruk,0,8.0,546,3
674,674,crockett,\N,\N,Larry,Crockett,1926-10-23,American,http://en.wikipedia.org/wiki/Larry_Crockett,0,0.0,200,1
675,675,ayulo,\N,\N,Manny,Ayulo,1921-10-20,American,http://en.wikipedia.org/wiki/Manny_Ayulo,0,2.0,765,4
676,676,armi,\N,\N,Frank,Armi,1918-10-12,American,http://en.wikipedia.org/wiki/Frank_Armi,0,0.0,193,1
677,677,webb,\N,\N,Travis,Webb,1910-10-08,American,http://en.wikipedia.org/wiki/Travis_Webb,0,0.0,558,4
678,678,duncan,\N,\N,Len,Duncan,1911-07-25,American,http://en.wikipedia.org/wiki/Len_Duncan,0,0.0,101,1
679,679,mccoy,\N,\N,Ernie,McCoy,1921-02-19,American,http://en.wikipedia.org/wiki/Ernie_McCoy,0,0.0,394,2
680,680,swaters,\N,\N,Jacques,Swaters,1926-10-30,American,http://en.wikipedia.org/wiki/Jacques_Swaters,0,0.0,117,7
681,681,georges_berger,\N,\N,Georges,Berger,1918-09-14,Belgian,http://en.wikipedia.org/wiki/Georges_Berger,0,0.0,12,2
682,682,beauman,\N,\N,Don,Beauman,1928-07-26,British,http://en.wikipedia.org/wiki/Don_Beauman,0,0.0,84,1
683,683,thorne,\N,\N,Leslie,Thorne,1916-06-23,British,http://en.wikipedia.org/wiki/Leslie_Thorne,0,0.0,78,1
684,684,whitehouse,\N,\N,Bill,Whitehouse,1909-04-01,British,http://en.wikipedia.org/wiki/Bill_Whitehouse,0,0.0,63,1
685,685,riseley_prichard,\N,\N,John,Riseley-Prichard,1924-01-17,British,http://en.wikipedia.org/wiki/John_Riseley-Prichard,0,0.0,40,1
686,686,reg_parnell,\N,\N,Reg,Parnell,1911-07-02,British,http://en.wikipedia.org/wiki/Reg_Parnell,0,9.0,344,7
687,687,whitehead,\N,\N,Peter,Whitehead,1914-11-12,British,http://en.wikipedia.org/wiki/Peter_Whitehead_(racing_driver),0,4.0,435,12
688,688,brandon,\N,\N,Eric,Brandon,1920-07-18,British,http://en.wikipedia.org/wiki/Eric_Brandon,0,0.0,239,5
689,689,alan_brown,\N,\N,Alan,Brown,1919-11-20,British,http://en.wikipedia.org/wiki/Alan_Brown_(racing_driver),0,2.0,458,9
690,690,nuckey,\N,\N,Rodney,Nuckey,1929-06-26,British,http://en.wikipedia.org/wiki/Rodney_Nuckey,0,0.0,16,2
691,691,lang,\N,\N,Hermann,Lang,1909-04-06,German,http://en.wikipedia.org/wiki/Hermann_Lang,0,2.0,72,2
692,692,helfrich,\N,\N,Theo,Helfrich,1913-05-13,German,http://en.wikipedia.org/wiki/Theo_Helfrich,0,0.0,25,3
693,693,wacker,\N,\N,Fred,Wacker,1918-07-10,American,http://en.wikipedia.org/wiki/Fred_Wacker,0,0.0,117,3
694,694,riu,\N,\N,Giovanni,de Riu,1925-03-10,Italian,http://en.wikipedia.org/wiki/Giovanni_de_Riu,0,0.0,0,1
695,695,galvez,\N,\N,Oscar,Gálvez,1913-08-17,Argentine,http://en.wikipedia.org/wiki/%C3%93scar_Alfredo_G%C3%A1lvez,0,2.0,96,1
696,696,john_barber,\N,\N,John,Barber,1929-07-22,British,http://en.wikipedia.org/wiki/John_Barber_(racing_driver),0,0.0,90,1
697,697,bonetto,\N,\N,Felice,Bonetto,1903-06-09,Italian,http://en.wikipedia.org/wiki/Felice_Bonetto,0,17.5,813,17
698,698,cruz,\N,\N,Adolfo,Cruz,1923-06-28,Argentine,http://en.wikipedia.org/wiki/Adolfo_Schewelm_Cruz,0,0.0,20,1
699,699,nalon,\N,\N,Duke,Nalon,1913-03-02,American,http://en.wikipedia.org/wiki/Duke_Nalon,0,0.0,426,3
700,700,scarborough,\N,\N,Carl,Scarborough,1914-07-03,American,http://en.wikipedia.org/wiki/Carl_Scarborough,0,0.0,283,2
701,701,holland,\N,\N,Bill,Holland,1907-12-18,American,http://en.wikipedia.org/wiki/Bill_Holland,0,6.0,314,2
702,702,bob_scott,\N,\N,Bob,Scott,1928-10-04,American,http://en.wikipedia.org/wiki/Bob_Scott_(auto_racer),0,0.0,611,5
703,703,legat,\N,\N,Arthur,Legat,1898-11-01,Belgian,http://en.wikipedia.org/wiki/Arthur_Legat,0,0.0,31,2
704,704,cabantous,\N,\N,Yves,Cabantous,1904-10-08,French,http://en.wikipedia.org/wiki/Yves_Giraud_Cabantous,0,5.0,522,13
705,705,crook,\N,\N,Tony,Crook,1920-02-16,British,http://en.wikipedia.org/wiki/Tony_Crook,0,0.0,75,2
706,706,jimmy_stewart,\N,\N,Jimmy,Stewart,1931-03-06,British,http://en.wikipedia.org/wiki/Jimmy_Stewart_(racing_driver),0,0.0,79,1
707,707,ian_stewart,\N,\N,Ian,Stewart,1929-07-15,British,http://en.wikipedia.org/wiki/Ian_Stewart_(racing_driver),0,0.0,24,1
708,708,duncan_hamilton,\N,\N,Duncan,Hamilton,1920-04-30,British,http://en.wikipedia.org/wiki/Duncan_Hamilton_(racing_driver),0,0.0,236,5
709,709,klodwig,\N,\N,Ernst,Klodwig,1903-05-23,East German,http://en.wikipedia.org/wiki/Ernst_Klodwig,0,0.0,29,2
710,710,krause,\N,\N,Rudolf,Krause,1907-03-30,East German,http://en.wikipedia.org/wiki/Rudolf_Krause,0,0.0,19,2
711,711,karch,\N,\N,Oswald,Karch,1917-03-06,German,http://en.wikipedia.org/wiki/Oswald_Karch,0,0.0,10,1
712,712,heeks,\N,\N,Willi,Heeks,1922-02-13,German,http://en.wikipedia.org/wiki/Willi_Heeks,0,0.0,15,2
713,713,fitzau,\N,\N,Theo,Fitzau,1923-02-10,East German,http://en.wikipedia.org/wiki/Theo_Fitzau,0,0.0,3,1
714,714,adolff,\N,\N,Kurt,Adolff,1921-11-05,German,http://en.wikipedia.org/wiki/Kurt_Adolff,0,0.0,3,1
715,715,bechem,\N,\N,Günther,Bechem,1921-12-21,German,http://en.wikipedia.org/wiki/G%C3%BCnther_Bechem,0,0.0,7,2
716,716,bauer,\N,\N,Erwin,Bauer,1912-07-17,German,http://en.wikipedia.org/wiki/Erwin_Bauer,0,0.0,1,1
717,717,hans_stuck,\N,\N,Hans,von Stuck,1900-12-27,German,http://en.wikipedia.org/wiki/Hans_Von_Stuck,0,0.0,71,4
718,718,loof,\N,\N,Ernst,Loof,1907-07-04,German,http://en.wikipedia.org/wiki/Ernst_Loof,0,0.0,0,1
719,719,scherrer,\N,\N,Albert,Scherrer,1908-02-28,Swiss,http://en.wikipedia.org/wiki/Albert_Scherrer,0,0.0,49,1
720,720,terra,\N,\N,Max,de Terra,1918-10-06,Swiss,http://en.wikipedia.org/wiki/Max_de_Terra,0,0.0,52,2
721,721,hirt,\N,\N,Peter,Hirt,1910-03-30,Swiss,http://en.wikipedia.org/wiki/Peter_Hirt,0,0.0,142,5
722,722,carini,\N,\N,Piero,Carini,1921-03-06,Italian,http://en.wikipedia.org/wiki/Piero_Carini,0,0.0,43,3
723,723,fischer,\N,\N,Rudi,Fischer,1912-04-19,Swiss,http://en.wikipedia.org/wiki/Rudi_Fischer,0,10.0,287,7
724,724,ulmen,\N,\N,Toni,Ulmen,1906-01-25,German,http://en.wikipedia.org/wiki/Toni_Ulmen,0,0.0,20,2
725,725,abecassis,\N,\N,George,Abecassis,1913-03-21,British,http://en.wikipedia.org/wiki/George_Abecassis,0,0.0,35,2
726,726,george_connor,\N,\N,George,Connor,1906-08-16,American,http://en.wikipedia.org/wiki/George_Connor_(driver),0,0.0,364,3
727,727,rigsby,\N,\N,Jim,Rigsby,1923-06-06,American,http://en.wikipedia.org/wiki/Jim_Rigsby,0,0.0,200,1
728,728,james,\N,\N,Joe,James,1925-05-23,American,http://en.wikipedia.org/wiki/Joe_James_(racing_driver),0,0.0,208,2
729,729,schindler,\N,\N,Bill,Schindler,1909-03-06,American,http://en.wikipedia.org/wiki/Bill_Schindler,0,0.0,440,3
730,730,fonder,\N,\N,George,Fonder,1917-06-22,American,http://en.wikipedia.org/wiki/George_Fonder,0,0.0,491,3
731,731,banks,\N,\N,Henry,Banks,1913-06-14,American,http://en.wikipedia.org/wiki/Henry_Banks,0,0.0,496,3
732,732,mcdowell,\N,\N,Johnny,McDowell,1915-01-29,American,http://en.wikipedia.org/wiki/Johnny_McDowell,0,0.0,325,3
733,733,miller,\N,\N,Chet,Miller,1902-07-19,American,http://en.wikipedia.org/wiki/Chet_Miller,0,0.0,97,2
734,734,ball,\N,\N,Bobby,Ball,1925-08-26,American,http://en.wikipedia.org/wiki/Bobby_Ball_(auto_racer),0,2.0,234,2
735,735,tornaco,\N,\N,Charles,de Tornaco,1927-06-07,Belgian,http://en.wikipedia.org/wiki/Charles_de_Tornaco,0,0.0,52,3
736,736,laurent,\N,\N,Roger,Laurent,1913-02-21,Belgian,http://en.wikipedia.org/wiki/Roger_Laurent,0,0.0,48,2
737,737,obrien,\N,\N,Robert,O'Brien,1908-04-11,American,http://en.wikipedia.org/wiki/Robert_O%27Brien_(auto_racer),0,0.0,30,1
738,738,gaze,\N,\N,Tony,Gaze,1920-02-03,Australian,http://en.wikipedia.org/wiki/Tony_Gaze,0,0.0,55,4
739,739,charrington,\N,\N,Robin,Montgomerie-Charrington,1915-06-23,British,http://en.wikipedia.org/wiki/Robin_Montgomerie-Charrington,0,0.0,17,1
740,740,comotti,\N,\N,Franco,Comotti,1906-07-24,Italian,http://en.wikipedia.org/wiki/Franco_Comotti,0,0.0,78,2
741,741,etancelin,\N,\N,Philippe,Étancelin,1896-12-28,French,http://en.wikipedia.org/wiki/Philippe_%C3%89tancelin,0,3.0,490,12
742,742,poore,\N,\N,Dennis,Poore,1916-08-19,British,http://en.wikipedia.org/wiki/Dennis_Poore,0,3.0,157,2
743,743,thompson,\N,\N,Eric,Thompson,1919-11-04,British,http://en.wikipedia.org/wiki/Eric_Thompson_(racing_driver),0,2.0,82,1
744,744,downing,\N,\N,Ken,Downing,1917-12-05,British,http://en.wikipedia.org/wiki/Ken_Downing,0,0.0,109,2
745,745,graham_whitehead,\N,\N,Graham,Whitehead,1922-04-15,British,http://en.wikipedia.org/wiki/Graham_Whitehead,0,0.0,80,1
746,746,bianco,\N,\N,Gino,Bianco,1916-07-22,Brazilian,http://en.wikipedia.org/wiki/Gino_Bianco,0,0.0,127,4
747,747,murray,\N,\N,David,Murray,1909-12-28,British,http://en.wikipedia.org/wiki/David_Murray_(driver),0,0.0,159,4
748,748,cantoni,\N,\N,Eitel,Cantoni,1906-10-04,Uruguayan,http://en.wikipedia.org/wiki/Eitel_Cantoni,0,0.0,79,3
749,749,aston,\N,\N,Bill,Aston,1900-03-29,British,http://en.wikipedia.org/wiki/Bill_Aston,0,0.0,2,3
750,750,brudes,\N,\N,Adolf,Brudes,1899-10-15,German,http://en.wikipedia.org/wiki/Adolf_Brudes,0,0.0,5,1
751,751,riess,\N,\N,Fritz,Riess,1922-07-11,German,http://en.wikipedia.org/wiki/Fritz_Riess,0,0.0,16,1
752,752,niedermayr,\N,\N,Helmut,Niedermayr,1915-11-29,German,http://en.wikipedia.org/wiki/Helmut_Niedermayr,0,0.0,15,1
753,753,klenk,\N,\N,Hans,Klenk,1919-10-28,German,http://en.wikipedia.org/wiki/Hans_Klenk,0,0.0,14,1
754,754,balsa,\N,\N,Marcel,Balsa,1909-01-01,French,http://en.wikipedia.org/wiki/Marcel_Balsa,0,0.0,5,1
755,755,schoeller,\N,\N,Rudolf,Schoeller,1902-04-27,Swiss,http://en.wikipedia.org/wiki/Rudolf_Schoeller,0,0.0,3,1
756,756,pietsch,\N,\N,Paul,Pietsch,1911-06-20,German,http://en.wikipedia.org/wiki/Paul_Pietsch,0,0.0,12,3
757,757,peters,\N,\N,Josef,Peters,1914-09-16,German,http://en.wikipedia.org/wiki/Josef_Peters_(driver),0,0.0,1,1
758,758,lof,\N,\N,Dries,van der Lof,1919-08-23,Dutch,http://en.wikipedia.org/wiki/Dries_van_der_Lof,0,0.0,70,1
759,759,flinterman,\N,\N,Jan,Flinterman,1919-10-02,Dutch,http://en.wikipedia.org/wiki/Jan_Flinterman,0,0.0,90,2
760,760,dusio,\N,\N,Piero,Dusio,1899-10-13,Italian,http://en.wikipedia.org/wiki/Piero_Dusio,0,0.0,0,1
761,761,crespo,\N,\N,Alberto,Crespo,1920-01-16,Argentine,http://en.wikipedia.org/wiki/Alberto_Crespo,0,0.0,0,1
762,762,rol,\N,\N,Franco,Rol,1908-06-05,Italian,http://en.wikipedia.org/wiki/Franco_Rol,0,0.0,136,5
763,763,sanesi,\N,\N,Consalvo,Sanesi,1911-03-28,Italian,http://en.wikipedia.org/wiki/Consalvo_Sanesi,0,3.0,205,5
764,764,guy_mairesse,\N,\N,Guy,Mairesse,1910-08-10,French,http://en.wikipedia.org/wiki/Guy_Mairesse,0,0.0,139,3
765,765,louveau,\N,\N,Henri,Louveau,1910-01-25,French,http://en.wikipedia.org/wiki/Henri_Louveau,0,0.0,46,2
766,766,wallard,\N,\N,Lee,Wallard,1910-09-07,American,http://en.wikipedia.org/wiki/Lee_Wallard,1,9.0,336,2
767,767,forberg,\N,\N,Carl,Forberg,1911-03-04,American,http://en.wikipedia.org/wiki/Carl_Forberg,0,0.0,193,1
768,768,rose,\N,\N,Mauri,Rose,1906-05-26,American,http://en.wikipedia.org/wiki/Mauri_Rose,0,4.0,263,2
769,769,mackey,\N,\N,Bill,Mackey,1927-12-15,American,http://en.wikipedia.org/wiki/Bill_Mackey,0,0.0,97,1
770,770,green,\N,\N,Cecil,Green,1919-09-30,American,http://en.wikipedia.org/wiki/Cecil_Green,0,3.0,217,2
771,771,walt_brown,\N,\N,Walt,Brown,1911-12-30,American,http://en.wikipedia.org/wiki/Walt_Brown_(auto_racer),0,0.0,182,2
772,772,hellings,\N,\N,Mack,Hellings,1915-09-14,American,http://en.wikipedia.org/wiki/Mack_Hellings,0,0.0,150,2
773,773,levegh,\N,\N,Pierre,Levegh,1905-12-22,French,http://en.wikipedia.org/wiki/Pierre_Levegh,0,0.0,157,6
774,774,chaboud,\N,\N,Eugène,Chaboud,1907-04-12,French,http://en.wikipedia.org/wiki/Eug%C3%A8ne_Chaboud,0,1.0,150,3
775,775,gordini,\N,\N,Aldo,Gordini,1921-05-20,French,http://en.wikipedia.org/wiki/Aldo_Gordini,0,0.0,27,1
776,776,kelly,\N,\N,Joe,Kelly,1913-03-13,Irish,http://en.wikipedia.org/wiki/Joe_Kelly_(Formula_One),0,0.0,132,2
777,777,parker,\N,\N,Philip,Fotheringham-Parker,1907-09-22,British,http://en.wikipedia.org/wiki/Philip_Fotheringham-Parker,0,0.0,46,1
778,778,shawe_taylor,\N,\N,Brian,Shawe Taylor,1915-01-28,British,http://en.wikipedia.org/wiki/Brian_Shawe_Taylor,0,0.0,148,2
779,779,john_james,\N,\N,John,James,1914-05-10,British,http://en.wikipedia.org/wiki/John_James_(auto_racer),0,0.0,23,1
780,780,branca,\N,\N,Toni,Branca,1916-09-15,Swiss,http://en.wikipedia.org/wiki/Toni_Branca,0,0.0,67,3
781,781,richardson,\N,\N,Ken,Richardson,1911-08-21,British,http://en.wikipedia.org/wiki/Ken_Richardson_(race_car_driver),0,0.0,0,1
782,782,jover,\N,\N,Juan,Jover,1903-11-23,Spanish,http://en.wikipedia.org/wiki/Juan_Jover,0,0.0,0,1
783,783,grignard,\N,\N,Georges,Grignard,1905-07-25,French,http://en.wikipedia.org/wiki/Georges_Grignard,0,0.0,23,1
784,784,hampshire,\N,\N,David,Hampshire,1917-12-29,British,http://en.wikipedia.org/wiki/David_Hampshire,0,0.0,69,2
785,785,crossley,\N,\N,Geoff,Crossley,1921-05-11,British,http://en.wikipedia.org/wiki/Geoff_Crossley,0,0.0,73,2
786,786,fagioli,\N,\N,Luigi,Fagioli,1898-06-09,Italian,http://en.wikipedia.org/wiki/Luigi_Fagioli,1,32.0,423,8
787,787,harrison,\N,\N,Cuth,Harrison,1906-07-06,British,http://en.wikipedia.org/wiki/Cuth_Harrison,0,0.0,118,3
788,788,fry,\N,\N,Joe,Fry,1915-10-26,British,http://en.wikipedia.org/wiki/Joe_Fry,0,0.0,64,1
789,789,martin,\N,\N,Eugène,Martin,1915-03-24,French,http://en.wikipedia.org/wiki/Eug%C3%A8ne_Martin,0,0.0,27,2
790,790,leslie_johnson,\N,\N,Leslie,Johnson,1912-03-22,British,http://en.wikipedia.org/wiki/Leslie_Johnson_(racing_driver),0,0.0,2,1
791,791,biondetti,\N,\N,Clemente,Biondetti,1898-08-18,Italian,http://en.wikipedia.org/wiki/Clemente_Biondetti,0,0.0,17,1
792,792,pian,\N,\N,Alfredo,Pián,1912-10-21,Argentine,http://en.wikipedia.org/wiki/Alfredo_Pi%C3%A0n,0,0.0,0,1
793,793,sommer,\N,\N,Raymond,Sommer,1906-08-31,French,http://en.wikipedia.org/wiki/Raymond_Sommer,0,3.0,188,5
794,794,chitwood,\N,\N,Joie,Chitwood,1912-04-14,American,http://en.wikipedia.org/wiki/Joie_Chitwood,0,1.0,136,1
795,795,fohr,\N,\N,Myron,Fohr,1912-06-17,American,http://en.wikipedia.org/wiki/Myron_Fohr,0,0.0,133,1
796,796,ader,\N,\N,Walt,Ader,1913-12-15,American,http://en.wikipedia.org/wiki/Walt_Ader,0,0.0,123,1
797,797,holmes,\N,\N,Jackie,Holmes,1920-09-04,American,http://en.wikipedia.org/wiki/Jackie_Holmes,0,0.0,289,2
798,798,levrett,\N,\N,Bayliss,Levrett,1914-02-14,American,http://en.wikipedia.org/wiki/Bayliss_Levrett,0,0.0,108,1
799,799,jackson,\N,\N,Jimmy,Jackson,1910-07-25,American,http://en.wikipedia.org/wiki/Jimmy_Jackson_(driver),0,0.0,248,2
800,800,pagani,\N,\N,Nello,Pagani,1911-10-11,Italian,http://en.wikipedia.org/wiki/Nello_Pagani,0,0.0,39,1
801,801,pozzi,\N,\N,Charles,Pozzi,1909-08-27,French,http://en.wikipedia.org/wiki/Charles_Pozzi,0,0.0,56,1
802,802,serafini,\N,\N,Dorino,Serafini,1909-07-22,Italian,http://en.wikipedia.org/wiki/Dorino_Serafini,0,3.0,80,1
803,803,cantrell,\N,\N,Bill,Cantrell,1908-01-31,American,http://en.wikipedia.org/wiki/William_Cantrell,0,0.0,108,1
804,804,mantz,\N,\N,Johnny,Mantz,1918-09-18,American,http://en.wikipedia.org/wiki/Johnny_Mantz,0,0.0,176,1
805,805,kladis,\N,\N,Danny,Kladis,1917-02-10,American,http://en.wikipedia.org/wiki/Danny_Kladis,0,0.0,104,1
806,806,oscar_gonzalez,\N,\N,Óscar,González,1923-11-10,Uruguayan,http://en.wikipedia.org/wiki/%C3%93scar_Gonz%C3%A1lez_(racing_driver),0,0.0,88,1
807,807,hulkenberg,27,HUL,Nico,Hülkenberg,1987-08-19,German,http://en.wikipedia.org/wiki/Nico_H%C3%BClkenberg,0,547.0,11228,218
808,808,petrov,\N,PET,Vitaly,Petrov,1984-09-08,Russian,http://en.wikipedia.org/wiki/Vitaly_Petrov,0,64.0,2992,58
809,810,grassi,\N,DIG,Lucas,di Grassi,1984-08-11,Brazilian,http://en.wikipedia.org/wiki/Lucas_di_Grassi,0,0.0,769,19
810,811,bruno_senna,\N,SEN,Bruno,Senna,1983-10-15,Brazilian,http://en.wikipedia.org/wiki/Bruno_Senna,0,33.0,2199,46
811,812,chandhok,\N,CHA,Karun,Chandhok,1984-01-19,Indian,http://en.wikipedia.org/wiki/Karun_Chandhok,0,0.0,535,11
812,813,maldonado,13,MAL,Pastor,Maldonado,1985-03-09,Venezuelan,http://en.wikipedia.org/wiki/Pastor_Maldonado,1,76.0,4505,96
813,814,resta,40,DIR,Paul,di Resta,1986-04-16,British,http://en.wikipedia.org/wiki/Paul_di_Resta,0,121.0,3284,59
814,815,perez,11,PER,Sergio,Pérez,1990-01-26,Mexican,http://en.wikipedia.org/wiki/Sergio_P%C3%A9rez,6,1552.0,14859,271
815,816,ambrosio,\N,DAM,Jérôme,d'Ambrosio,1985-12-27,Belgian,http://en.wikipedia.org/wiki/J%C3%A9r%C3%B4me_d%27Ambrosio,0,0.0,1043,20
816,817,ricciardo,3,RIC,Daniel,Ricciardo,1989-07-01,Australian,http://en.wikipedia.org/wiki/Daniel_Ricciardo,8,1319.0,13780,251
817,818,vergne,25,VER,Jean-Éric,Vergne,1990-04-25,French,http://en.wikipedia.org/wiki/Jean-%C3%89ric_Vergne,0,51.0,2993,58
818,819,pic,\N,PIC,Charles,Pic,1990-02-15,French,http://en.wikipedia.org/wiki/Charles_Pic,0,0.0,2031,39
819,820,chilton,4,CHI,Max,Chilton,1991-04-21,British,http://en.wikipedia.org/wiki/Max_Chilton,0,0.0,1872,35
820,821,gutierrez,21,GUT,Esteban,Gutiérrez,1991-08-05,Mexican,http://en.wikipedia.org/wiki/Esteban_Guti%C3%A9rrez,0,6.0,3054,59
821,822,bottas,77,BOT,Valtteri,Bottas,1989-08-28,Finnish,http://en.wikipedia.org/wiki/Valtteri_Bottas,10,1788.0,13183,235
822,823,garde,\N,VDG,Giedo,van der Garde,1985-04-25,Dutch,http://en.wikipedia.org/wiki/Giedo_van_der_Garde,0,0.0,931,19
823,824,jules_bianchi,17,BIA,Jules,Bianchi,1989-08-03,French,http://en.wikipedia.org/wiki/Jules_Bianchi,0,2.0,1752,34
824,825,kevin_magnussen,20,MAG,Kevin,Magnussen,1992-10-05,Danish,http://en.wikipedia.org/wiki/Kevin_Magnussen,0,187.0,9313,176
825,826,kvyat,26,KVY,Daniil,Kvyat,1994-04-26,Russian,http://en.wikipedia.org/wiki/Daniil_Kvyat,0,202.0,5828,112
826,827,lotterer,45,LOT,André,Lotterer,1981-11-19,German,http://en.wikipedia.org/wiki/Andr%C3%A9_Lotterer,0,0.0,1,1
827,828,ericsson,9,ERI,Marcus,Ericsson,1990-09-02,Swedish,http://en.wikipedia.org/wiki/Marcus_Ericsson,0,18.0,4900,97
828,829,stevens,28,STE,Will,Stevens,1991-06-28,British,http://en.wikipedia.org/wiki/Will_Stevens,0,0.0,926,19
829,830,max_verstappen,33,VER,Max,Verstappen,1997-09-30,Dutch,http://en.wikipedia.org/wiki/Max_Verstappen,61,2744.5,10605,197
830,831,nasr,12,NAS,Felipe,Nasr,1992-08-21,Brazilian,http://en.wikipedia.org/wiki/Felipe_Nasr,0,29.0,2224,40
831,832,sainz,55,SAI,Carlos,Sainz,1994-09-01,Spanish,http://en.wikipedia.org/wiki/Carlos_Sainz_Jr.,3,1075.5,10439,196
832,833,merhi,98,MER,Roberto,Merhi,1991-03-22,Spanish,http://en.wikipedia.org/wiki/Roberto_Merhi,0,0.0,737,13
833,834,rossi,53,RSS,Alexander,Rossi,1991-09-25,American,http://en.wikipedia.org/wiki/Alexander_Rossi_%28racing_driver%29,0,0.0,302,5
834,835,jolyon_palmer,30,PAL,Jolyon,Palmer,1991-01-20,British,http://en.wikipedia.org/wiki/Jolyon_Palmer,0,9.0,1682,37
835,836,wehrlein,94,WEH,Pascal,Wehrlein,1994-10-18,German,http://en.wikipedia.org/wiki/Pascal_Wehrlein,0,6.0,1996,39
836,837,haryanto,88,HAR,Rio,Haryanto,1993-01-22,Indonesian,http://en.wikipedia.org/wiki/Rio_Haryanto,0,0.0,611,12
837,838,vandoorne,2,VAN,Stoffel,Vandoorne,1992-03-26,Belgian,http://en.wikipedia.org/wiki/Stoffel_Vandoorne,0,26.0,2207,42
838,839,ocon,31,OCO,Esteban,Ocon,1996-09-17,French,http://en.wikipedia.org/wiki/Esteban_Ocon,1,420.0,7691,145
839,840,stroll,18,STR,Lance,Stroll,1998-10-29,Canadian,http://en.wikipedia.org/wiki/Lance_Stroll,0,285.0,8452,156
840,841,giovinazzi,99,GIO,Antonio,Giovinazzi,1993-12-14,Italian,http://en.wikipedia.org/wiki/Antonio_Giovinazzi,0,21.0,3416,62
841,843,brendon_hartley,28,HAR,Brendon,Hartley,1989-11-10,New Zealander,http://en.wikipedia.org/wiki/Brendon_Hartley,0,4.0,1178,25
842,844,leclerc,16,LEC,Charles,Leclerc,1997-10-16,Monegasque,http://en.wikipedia.org/wiki/Charles_Leclerc,6,1172.0,7217,137
843,845,sirotkin,35,SIR,Sergey,Sirotkin,1995-08-27,Russian,http://en.wikipedia.org/wiki/Sergey_Sirotkin_(racing_driver),0,1.0,1118,21
844,846,norris,4,NOR,Lando,Norris,1999-11-13,British,http://en.wikipedia.org/wiki/Lando_Norris,1,768.0,6590,116
845,847,russell,63,RUS,George,Russell,1998-02-15,British,http://en.wikipedia.org/wiki/George_Russell_(racing_driver),2,543.0,6435,116
846,848,albon,23,ALB,Alexander,Albon,1996-03-23,Thai,http://en.wikipedia.org/wiki/Alexander_Albon,0,230.0,5131,93
847,849,latifi,6,LAT,Nicholas,Latifi,1995-06-29,Canadian,http://en.wikipedia.org/wiki/Nicholas_Latifi,0,9.0,3261,61
848,850,pietro_fittipaldi,51,FIT,Pietro,Fittipaldi,1996-06-25,Brazilian,http://en.wikipedia.org/wiki/Pietro_Fittipaldi,0,0.0,140,2
849,851,aitken,89,AIT,Jack,Aitken,1995-09-23,British,http://en.wikipedia.org/wiki/Jack_Aitken,0,0.0,87,1
850,852,tsunoda,22,TSU,Yuki,Tsunoda,2000-05-11,Japanese,http://en.wikipedia.org/wiki/Yuki_Tsunoda,0,77.0,4075,78
851,853,mazepin,9,MAZ,Nikita,Mazepin,1999-03-02,Russian,http://en.wikipedia.org/wiki/Nikita_Mazepin,0,0.0,1008,22
852,854,mick_schumacher,47,MSC,Mick,Schumacher,1999-03-22,German,http://en.wikipedia.org/wiki/Mick_Schumacher,0,12.0,2277,44
853,855,zhou,24,ZHO,Guanyu,Zhou,1999-05-30,Chinese,http://en.wikipedia.org/wiki/Zhou_Guanyu,0,12.0,2983,56
854,856,de_vries,21,DEV,Nyck,de Vries,1995-02-06,Dutch,http://en.wikipedia.org/wiki/Nyck_de_Vries,0,2.0,614,11
855,857,piastri,81,PIA,Oscar,Piastri,2001-04-06,Australian,http://en.wikipedia.org/wiki/Oscar_Piastri,0,194.0,1916,34
856,858,sargeant,2,SAR,Logan,Sargeant,2000-12-31,American,http://en.wikipedia.org/wiki/Logan_Sargeant,0,1.0,1727,33
857,859,lawson,40,LAW,Liam,Lawson,2002-02-11,New Zealander,http://en.wikipedia.org/wiki/Liam_Lawson,0,2.0,293,5
858,860,bearman,38,BEA,Oliver,Bearman,2005-05-08,British,http://en.wikipedia.org/wiki/Oliver_Bearman,0,6.0,50,1
